<?xml version="1.0" encoding="UTF-8"?>
<metadata xml:lang="en"><Esri><CreaDate>20191011</CreaDate><CreaTime>15544500</CreaTime><ArcGISFormat>1.0</ArcGISFormat><SyncOnce>TRUE</SyncOnce><DataProperties><itemProps><itemLocation><linkage Sync="TRUE">file://\\dcNSbioNA01a\edc_v1_shr\marfis\shares\ESS\Projects\Condition_Environment\Data\Georges_rough_bound\GB_PolyForRemoteSensing</linkage><protocol Sync="TRUE">Local Area Network</protocol></itemLocation></itemProps><copyHistory><copy source="D:\EBackup\GISdata\Basemaps\Boundaries\GB_PolyForRemoteSensing" dest="\\dcNSbioNA01a\edc_v1_shr\marfis\shares\ESS\Projects\Condition_Environment\Data\Georges_rough_bound\GB_PolyForRemoteSensing" date="20191011" time="15544500"></copy></copyHistory></DataProperties></Esri></metadata>
