Year;Wk;DateFirst;DateLast;T;SD;PercentWeeklyGrid;PercentDailyPixels
2000;08;2000-02-19;2000-02-25;-99;-99;0.0;0.0
2000;09;2000-02-26;2000-03-03;5.5;0.4;100.0;42.6
2000;10;2000-03-04;2000-03-10;5.2;0.3;100.0;35.3
2000;11;2000-03-11;2000-03-17;5.4;0.3;100.0;49.6
2000;12;2000-03-18;2000-03-24;5.3;0.5;100.0;23.2
2000;13;2000-03-25;2000-03-31;6.0;0.3;100.0;53.2
2000;14;2000-04-01;2000-04-07;6.1;0.2;100.0;51.8
2000;15;2000-04-08;2000-04-14;6.3;0.3;100.0;60.8
2000;16;2000-04-15;2000-04-21;6.9;0.3;100.0;20.4
2000;17;2000-04-22;2000-04-28;6.7;0.9;8.8;1.4
2000;18;2000-04-29;2000-05-05;7.1;0.1;100.0;66.0
2000;19;2000-05-06;2000-05-12;7.7;0.4;71.2;17.0
2000;20;2000-05-13;2000-05-19;8.2;0.2;100.0;61.7
2000;21;2000-05-20;2000-05-26;8.2;0.2;100.0;14.9
2000;22;2000-05-27;2000-06-02;9.2;0.3;100.0;53.2
2000;23;2000-06-03;2000-06-09;9.9;0.4;100.0;65.4
2000;24;2000-06-10;2000-06-16;10.0;0.6;99.8;30.6
2000;25;2000-06-17;2000-06-23;12.2;0.7;100.0;48.9
2000;26;2000-06-24;2000-06-30;13.9;0.7;97.0;31.1
2000;27;2000-07-01;2000-07-07;14.0;0.8;96.2;28.5
2000;28;2000-07-08;2000-07-14;14.2;0.8;100.0;62.7
2000;29;2000-07-15;2000-07-21;15.9;0.6;100.0;33.1
2000;30;2000-07-22;2000-07-28;15.9;1.1;64.4;9.8
2000;31;2000-07-29;2000-08-04;15.9;1.0;76.1;13.5
2000;32;2000-08-05;2000-08-11;-99;-99;0.0;0.0
2000;33;2000-08-12;2000-08-18;-99;-99;0.0;0.0
2000;34;2000-08-19;2000-08-25;16.5;0.6;100.0;62.7
2000;35;2000-08-26;2000-09-01;16.7;0.8;100.0;63.4
2000;36;2000-09-02;2000-09-08;16.1;0.6;100.0;43.9
2000;37;2000-09-09;2000-09-15;16.7;0.4;100.0;75.2
2000;38;2000-09-16;2000-09-22;16.3;0.6;100.0;57.1
2000;39;2000-09-23;2000-09-29;15.2;0.3;100.0;48.2
2000;40;2000-09-30;2000-10-06;14.6;0.3;100.0;42.5
2000;41;2000-10-07;2000-10-13;14.1;0.3;100.0;38.9
2000;42;2000-10-14;2000-10-20;13.3;0.2;100.0;60.0
2000;43;2000-10-21;2000-10-27;12.9;0.3;100.0;84.0
2000;44;2000-10-28;2000-11-03;11.8;0.5;67.7;10.1
2000;45;2000-11-04;2000-11-10;-99;-99;0.0;0.0
2000;46;2000-11-11;2000-11-17;11.5;0.3;8.2;1.2
2000;47;2000-11-18;2000-11-24;9.9;0.4;78.9;18.2
2000;48;2000-11-25;2000-12-01;9.2;0.3;99.6;35.3
2000;49;2000-12-02;2000-12-08;8.6;0.2;100.0;27.2
2000;50;2000-12-09;2000-12-15;7.8;0.5;93.2;15.6
2000;51;2000-12-16;2000-12-22;8.2;0.3;46.4;7.1
2000;52;2000-12-23;2000-12-29;7.4;0.4;27.7;4.5
2001;01;2001-01-01;2001-01-07;5.9;0.4;41.7;6.8
2001;02;2001-01-08;2001-01-14;6.0;0.3;7.1;1.1
2001;03;2001-01-15;2001-01-21;6.0;0.3;58.0;11.1
2001;04;2001-01-22;2001-01-28;5.9;0.5;100.0;22.8
2001;05;2001-01-29;2001-02-04;5.6;0.3;94.4;32.7
2001;06;2001-02-05;2001-02-11;5.7;0.4;72.0;14.5
2001;07;2001-02-12;2001-02-18;5.5;0.5;72.6;10.5
2001;08;2001-02-19;2001-02-25;4.8;0.5;68.0;10.8
2001;09;2001-02-26;2001-03-04;4.6;0.5;78.8;16.2
2001;10;2001-03-05;2001-03-11;4.0;0.5;80.7;16.6
2001;11;2001-03-12;2001-03-18;4.9;0.4;100.0;68.8
2001;12;2001-03-19;2001-03-25;4.6;0.4;99.9;39.8
2001;13;2001-03-26;2001-04-01;4.8;0.3;100.0;21.2
2001;14;2001-04-02;2001-04-08;5.2;0.3;100.0;57.1
2001;15;2001-04-09;2001-04-15;5.4;0.4;100.0;40.6
2001;16;2001-04-16;2001-04-22;5.4;0.3;100.0;73.5
2001;17;2001-04-23;2001-04-29;6.0;0.4;100.0;46.4
2001;18;2001-04-30;2001-05-06;6.6;0.6;100.0;58.5
2001;19;2001-05-07;2001-05-13;6.6;0.3;100.0;57.2
2001;20;2001-05-14;2001-05-20;6.5;0.4;99.1;31.8
2001;21;2001-05-21;2001-05-27;7.7;0.5;100.0;64.0
2001;22;2001-05-28;2001-06-03;8.1;0.6;100.0;47.2
2001;23;2001-06-04;2001-06-10;9.4;0.6;100.0;91.7
2001;24;2001-06-11;2001-06-17;11.0;1.0;93.6;26.9
2001;27;2001-07-02;2001-07-08;13.4;0.6;98.5;25.5
2001;28;2001-07-09;2001-07-15;14.8;0.7;100.0;48.9
2001;29;2001-07-16;2001-07-22;15.5;0.8;100.0;38.6
2001;30;2001-07-23;2001-07-29;15.3;0.8;100.0;56.4
2001;31;2001-07-30;2001-08-05;16.0;0.8;100.0;27.9
2001;32;2001-08-06;2001-08-12;17.4;0.7;93.3;19.2
2001;33;2001-08-13;2001-08-19;17.3;0.5;42.9;6.9
2001;34;2001-08-20;2001-08-26;16.9;0.7;100.0;38.4
2001;35;2001-08-27;2001-09-02;17.2;0.7;100.0;86.1
2001;36;2001-09-03;2001-09-09;16.9;0.7;100.0;65.9
2001;37;2001-09-10;2001-09-16;16.8;0.4;100.0;65.4
2001;38;2001-09-17;2001-09-23;15.9;0.7;100.0;49.2
2001;39;2001-09-24;2001-09-30;16.7;0.7;100.0;37.0
2001;40;2001-10-01;2001-10-07;15.6;0.4;100.0;86.4
2001;41;2001-10-08;2001-10-14;15.1;0.2;100.0;63.0
2001;42;2001-10-15;2001-10-21;14.2;0.4;100.0;43.2
2001;43;2001-10-22;2001-10-28;14.3;0.4;100.0;55.7
2001;44;2001-10-29;2001-11-04;12.9;0.5;100.0;54.5
2001;45;2001-11-05;2001-11-11;12.1;0.6;100.0;53.1
2001;46;2001-11-12;2001-11-18;10.9;0.6;100.0;72.2
2001;47;2001-11-19;2001-11-25;10.5;0.7;100.0;75.2
2001;48;2001-11-26;2001-12-02;10.6;0.6;100.0;19.5
2001;49;2001-12-03;2001-12-09;10.2;0.5;100.0;56.7
2001;50;2001-12-10;2001-12-16;9.1;0.6;100.0;23.2
2001;51;2001-12-17;2001-12-23;8.6;0.4;94.2;27.3
2001;52;2001-12-24;2001-12-30;7.8;0.5;94.4;20.1
2003;01;2003-01-01;2003-01-07;6.7;0.5;28.3;4.3
2003;02;2003-01-08;2003-01-14;6.7;0.3;27.2;4.2
2003;03;2003-01-15;2003-01-21;5.8;0.7;17.6;2.7
2003;04;2003-01-22;2003-01-28;4.8;0.4;39.5;5.6
2003;05;2003-01-29;2003-02-04;4.8;0.5;97.8;19.0
2003;06;2003-02-05;2003-02-11;5.4;0.4;97.3;15.3
2003;07;2003-02-12;2003-02-18;4.0;0.4;4.5;0.6
2003;08;2003-02-19;2003-02-25;3.9;0.4;100.0;31.9
2003;09;2003-02-26;2003-03-04;3.3;0.6;100.0;23.4
2003;10;2003-03-05;2003-03-11;3.2;0.4;99.9;39.6
2003;11;2003-03-12;2003-03-18;2.8;0.6;100.0;50.2
2003;12;2003-03-19;2003-03-25;2.7;0.9;100.0;43.8
2003;13;2003-03-26;2003-04-01;4.0;0.5;100.0;47.2
2003;14;2003-04-02;2003-04-08;3.4;0.3;36.7;5.3
2003;15;2003-04-09;2003-04-15;3.9;0.4;100.0;41.0
2003;16;2003-04-16;2003-04-22;4.6;0.2;100.0;76.4
2003;17;2003-04-23;2003-04-29;5.2;0.3;100.0;69.4
2003;18;2003-04-30;2003-05-06;5.5;0.5;100.0;50.8
2003;19;2003-05-07;2003-05-13;5.8;0.7;100.0;47.6
2003;20;2003-05-14;2003-05-20;6.4;0.3;100.0;65.1
2003;21;2003-05-21;2003-05-27;7.8;0.5;100.0;18.1
2003;22;2003-05-28;2003-06-03;7.7;0.4;100.0;55.8
2003;23;2003-06-04;2003-06-10;8.4;0.4;99.6;41.9
2003;24;2003-06-11;2003-06-17;8.6;0.7;100.0;44.4
2003;25;2003-06-18;2003-06-24;10.2;0.7;100.0;43.0
2003;26;2003-06-25;2003-07-01;12.5;0.8;100.0;45.3
2003;27;2003-07-02;2003-07-08;13.8;1.2;100.0;37.8
2003;28;2003-07-09;2003-07-15;14.9;1.3;95.4;22.3
2003;29;2003-07-16;2003-07-22;15.2;1.3;100.0;47.4
2003;30;2003-07-23;2003-07-29;16.2;0.9;100.0;55.2
2003;31;2003-07-30;2003-08-05;17.3;0.6;100.0;66.0
2003;32;2003-08-06;2003-08-12;18.3;1.0;100.0;34.3
2003;33;2003-08-13;2003-08-19;17.9;1.2;100.0;60.4
2003;34;2003-08-20;2003-08-26;18.0;0.8;100.0;69.3
2003;35;2003-08-27;2003-09-02;16.9;0.9;100.0;69.9
2003;36;2003-09-03;2003-09-09;16.0;0.7;100.0;64.0
2003;37;2003-09-10;2003-09-16;15.9;0.6;100.0;96.7
2003;38;2003-09-17;2003-09-23;16.8;0.6;100.0;41.0
2003;39;2003-09-24;2003-09-30;17.1;1.0;100.0;73.6
2003;40;2003-10-01;2003-10-07;15.4;0.6;100.0;82.1
2003;41;2003-10-08;2003-10-14;14.8;0.3;100.0;63.3
2003;42;2003-10-15;2003-10-21;13.8;0.3;100.0;47.8
2003;43;2003-10-22;2003-10-28;12.8;0.5;100.0;32.3
2003;44;2003-10-29;2003-11-04;13.0;0.5;100.0;52.0
2003;45;2003-11-05;2003-11-11;11.4;0.6;89.7;20.6
2003;46;2003-11-12;2003-11-18;10.5;0.5;100.0;32.7
2003;47;2003-11-19;2003-11-25;10.1;0.5;100.0;43.8
2003;48;2003-11-26;2003-12-02;9.7;0.6;99.1;40.9
2003;49;2003-12-03;2003-12-09;8.8;0.7;34.1;5.6
2003;50;2003-12-10;2003-12-16;8.2;0.4;97.6;20.4
2003;51;2003-12-17;2003-12-23;7.3;0.3;99.8;44.4
2003;52;2003-12-24;2003-12-30;7.4;0.2;100.0;51.9
2004;01;2004-01-01;2004-01-07;7.0;0.2;100.0;18.4
2004;02;2004-01-08;2004-01-14;6.4;0.3;2.6;0.4
2004;03;2004-01-15;2004-01-21;5.4;0.4;100.0;15.5
2004;04;2004-01-22;2004-01-28;4.6;0.4;17.0;2.5
2004;05;2004-01-29;2004-02-04;4.2;0.3;100.0;15.1
2004;06;2004-02-05;2004-02-11;3.7;0.4;98.7;31.1
2004;07;2004-02-12;2004-02-18;3.3;0.5;100.0;38.3
2004;08;2004-02-19;2004-02-25;3.8;0.4;100.0;16.0
2004;09;2004-02-26;2004-03-03;3.6;0.4;100.0;100.0
2004;10;2004-03-04;2004-03-10;3.6;0.3;100.0;25.5
2004;11;2004-03-11;2004-03-17;3.6;0.2;100.0;51.1
2004;12;2004-03-18;2004-03-24;3.5;0.3;100.0;56.3
2004;13;2004-03-25;2004-03-31;3.5;0.4;100.0;43.4
2004;14;2004-04-01;2004-04-07;3.2;0.6;100.0;21.5
2004;15;2004-04-08;2004-04-14;3.9;0.5;100.0;44.2
2004;16;2004-04-15;2004-04-21;4.3;0.4;100.0;71.0
2004;17;2004-04-22;2004-04-28;4.6;0.4;100.0;28.8
2004;18;2004-04-29;2004-05-05;5.4;0.3;100.0;72.5
2004;19;2004-05-06;2004-05-12;5.7;0.4;100.0;67.1
2004;20;2004-05-13;2004-05-19;6.9;0.4;100.0;30.7
2004;21;2004-05-20;2004-05-26;7.5;0.6;100.0;33.4
2004;22;2004-05-27;2004-06-02;8.0;0.5;100.0;45.4
2004;23;2004-06-03;2004-06-09;8.0;0.5;100.0;59.5
2004;24;2004-06-10;2004-06-16;8.9;0.6;100.0;67.0
2004;25;2004-06-17;2004-06-23;10.4;0.5;100.0;53.6
2004;26;2004-06-24;2004-06-30;12.1;0.7;100.0;52.4
2004;27;2004-07-01;2004-07-07;13.3;0.9;99.5;34.2
2004;28;2004-07-08;2004-07-14;13.1;1.1;99.6;39.1
2004;29;2004-07-15;2004-07-21;14.2;0.9;50.9;9.6
2004;30;2004-07-22;2004-07-28;16.1;1.3;84.3;21.6
2004;31;2004-07-29;2004-08-04;16.0;1.4;75.0;17.1
2004;32;2004-08-05;2004-08-11;14.7;0.8;100.0;77.4
2004;33;2004-08-12;2004-08-18;16.1;0.7;100.0;77.7
2004;34;2004-08-19;2004-08-25;16.5;0.7;100.0;60.7
2004;35;2004-08-26;2004-09-01;16.5;0.6;100.0;87.8
2004;36;2004-09-02;2004-09-08;15.7;0.6;100.0;98.0
2004;37;2004-09-09;2004-09-15;16.0;0.5;100.0;77.6
2004;38;2004-09-16;2004-09-22;14.2;0.4;100.0;43.6
2004;39;2004-09-23;2004-09-29;14.2;0.3;100.0;73.0
2004;40;2004-09-30;2004-10-06;13.8;0.6;100.0;74.8
2004;41;2004-10-07;2004-10-13;13.6;0.4;100.0;62.7
2004;42;2004-10-14;2004-10-20;12.5;0.3;100.0;57.0
2004;43;2004-10-21;2004-10-27;11.5;0.4;60.6;11.3
2004;44;2004-10-28;2004-11-03;10.8;0.3;100.0;51.0
2004;45;2004-11-04;2004-11-10;10.6;0.4;100.0;65.0
2004;46;2004-11-11;2004-11-17;9.6;0.3;100.0;34.7
2004;47;2004-11-18;2004-11-24;8.6;0.2;100.0;59.8
2004;48;2004-11-25;2004-12-01;8.6;0.3;100.0;66.7
2004;49;2004-12-02;2004-12-08;8.4;0.3;100.0;73.5
2004;50;2004-12-09;2004-12-15;8.0;0.4;100.0;31.7
2004;51;2004-12-16;2004-12-22;7.4;0.4;100.0;39.0
2004;52;2004-12-23;2004-12-29;7.2;0.5;100.0;24.8
2005;01;2005-01-01;2005-01-07;6.7;0.5;100.0;31.9
2005;02;2005-01-08;2005-01-14;5.7;0.5;86.0;23.9
2005;03;2005-01-15;2005-01-21;6.4;0.3;17.4;2.5
2005;04;2005-01-22;2005-01-28;4.8;0.1;3.0;0.4
2005;05;2005-01-29;2005-02-04;4.2;0.3;100.0;48.4
2005;06;2005-02-05;2005-02-11;4.7;0.1;100.0;82.1
2005;07;2005-02-12;2005-02-18;4.1;0.4;99.9;31.2
2005;08;2005-02-19;2005-02-25;3.9;0.6;19.1;2.9
2005;09;2005-02-26;2005-03-04;3.6;0.7;100.0;31.6
2005;10;2005-03-05;2005-03-11;2.8;0.3;100.0;48.4
2005;11;2005-03-12;2005-03-18;3.3;0.3;100.0;45.6
2005;12;2005-03-19;2005-03-25;3.3;0.2;100.0;83.5
2005;13;2005-03-26;2005-04-01;3.6;0.3;100.0;68.7
2005;14;2005-04-02;2005-04-08;4.1;0.2;100.0;56.5
2005;15;2005-04-09;2005-04-15;4.4;0.2;100.0;85.1
2005;16;2005-04-16;2005-04-22;4.9;0.2;100.0;95.1
2005;17;2005-04-23;2005-04-29;5.7;0.2;100.0;85.7
2005;18;2005-04-30;2005-05-06;5.8;0.2;100.0;65.4
2005;19;2005-05-07;2005-05-13;5.7;0.4;100.0;22.3
2005;20;2005-05-14;2005-05-20;6.4;0.4;100.0;24.2
2005;21;2005-05-21;2005-05-27;6.9;0.4;10.2;1.5
2005;22;2005-05-28;2005-06-03;6.9;0.4;100.0;61.7
2005;23;2005-06-04;2005-06-10;8.5;0.8;76.9;14.7
2005;24;2005-06-11;2005-06-17;9.9;0.5;65.9;10.1
2005;25;2005-06-18;2005-06-24;10.6;0.9;100.0;83.6
2005;26;2005-06-25;2005-07-01;11.1;1.1;96.2;17.4
2005;27;2005-07-02;2005-07-08;12.7;1.1;100.0;37.2
2005;28;2005-07-09;2005-07-15;13.1;1.0;100.0;66.5
2005;29;2005-07-16;2005-07-22;15.5;1.2;99.8;57.0
2005;30;2005-07-23;2005-07-29;14.4;1.1;100.0;62.1
2005;31;2005-07-30;2005-08-05;15.9;0.9;100.0;71.1
2005;32;2005-08-06;2005-08-12;17.1;0.8;100.0;50.1
2005;33;2005-08-13;2005-08-19;17.5;1.0;99.3;29.6
2005;34;2005-08-20;2005-08-26;16.3;0.8;100.0;59.0
2005;35;2005-08-27;2005-09-02;17.2;0.7;100.0;70.2
2005;36;2005-09-03;2005-09-09;17.6;0.9;100.0;99.9
2005;37;2005-09-10;2005-09-16;16.9;0.4;100.0;87.1
2005;38;2005-09-17;2005-09-23;15.8;0.5;100.0;65.7
2005;39;2005-09-24;2005-09-30;15.3;0.4;100.0;75.1
2005;40;2005-10-01;2005-10-07;16.1;0.3;100.0;98.0
2005;41;2005-10-08;2005-10-14;15.3;0.9;79.9;17.2
2005;42;2005-10-15;2005-10-21;13.7;0.3;100.0;70.2
2005;43;2005-10-22;2005-10-28;12.3;0.3;100.0;51.8
2005;44;2005-10-29;2005-11-04;11.5;0.5;100.0;69.4
2005;45;2005-11-05;2005-11-11;11.0;0.2;100.0;76.0
2005;46;2005-11-12;2005-11-18;10.4;0.3;100.0;69.1
2005;47;2005-11-19;2005-11-25;9.9;0.3;100.0;56.7
2005;48;2005-11-26;2005-12-02;9.5;0.4;100.0;35.6
2005;49;2005-12-03;2005-12-09;9.0;0.4;89.0;13.0
2005;50;2005-12-10;2005-12-16;8.4;0.3;99.9;29.9
2005;51;2005-12-17;2005-12-23;7.7;0.3;99.5;24.1
2005;52;2005-12-24;2005-12-30;7.2;0.2;100.0;46.0
2006;01;2006-01-01;2006-01-07;6.8;0.4;6.8;1.0
2006;02;2006-01-08;2006-01-14;6.9;0.2;100.0;73.6
2006;03;2006-01-15;2006-01-21;6.3;0.3;100.0;32.2
2006;04;2006-01-22;2006-01-28;5.9;0.2;100.0;53.1
2006;05;2006-01-29;2006-02-04;6.1;0.4;100.0;27.1
2006;06;2006-02-05;2006-02-11;5.7;0.3;93.9;18.5
2006;07;2006-02-12;2006-02-18;5.9;0.3;100.0;65.3
2006;08;2006-02-19;2006-02-25;4.7;0.6;90.6;29.0
2006;09;2006-02-26;2006-03-04;4.2;0.5;6.1;0.9
2006;10;2006-03-05;2006-03-11;4.0;0.5;100.0;53.0
2006;11;2006-03-12;2006-03-18;4.3;0.3;100.0;33.6
2006;12;2006-03-19;2006-03-25;2.8;0.8;100.0;25.1
2006;13;2006-03-26;2006-04-01;3.9;0.5;100.0;85.7
2006;14;2006-04-02;2006-04-08;4.9;0.3;100.0;67.4
2006;15;2006-04-09;2006-04-15;5.4;0.3;100.0;64.0
2006;16;2006-04-16;2006-04-22;5.2;0.3;100.0;41.1
2006;17;2006-04-23;2006-04-29;5.9;0.2;100.0;71.0
2006;18;2006-04-30;2006-05-06;6.3;0.7;64.8;9.9
2006;19;2006-05-07;2006-05-13;6.6;0.3;99.6;29.5
2006;20;2006-05-14;2006-05-20;7.4;0.3;100.0;43.9
2006;21;2006-05-21;2006-05-27;7.8;0.4;100.0;74.5
2006;22;2006-05-28;2006-06-03;9.3;0.4;100.0;42.2
2006;23;2006-06-04;2006-06-10;10.1;0.5;100.0;56.8
2006;24;2006-06-11;2006-06-17;10.3;0.4;100.0;55.4
2006;25;2006-06-18;2006-06-24;11.6;0.7;97.9;26.8
2006;26;2006-06-25;2006-07-01;14.2;0.8;100.0;69.5
2006;27;2006-07-02;2006-07-08;14.4;0.9;100.0;53.1
2006;28;2006-07-09;2006-07-15;15.0;0.7;100.0;44.0
2006;29;2006-07-16;2006-07-22;16.3;1.1;70.1;21.9
2006;30;2006-07-23;2006-07-29;16.6;0.5;98.1;47.4
2006;31;2006-07-30;2006-08-05;18.0;0.7;100.0;63.0
2006;32;2006-08-06;2006-08-12;17.7;0.5;100.0;86.9
2006;33;2006-08-13;2006-08-19;17.2;0.4;100.0;90.8
2006;34;2006-08-20;2006-08-26;17.2;0.5;100.0;68.9
2006;35;2006-08-27;2006-09-02;17.0;0.3;100.0;45.0
2006;36;2006-09-03;2006-09-09;16.8;0.5;100.0;52.0
2006;37;2006-09-10;2006-09-16;15.7;0.6;100.0;53.7
2006;38;2006-09-17;2006-09-23;16.2;0.6;100.0;75.9
2006;39;2006-09-24;2006-09-30;15.6;0.2;100.0;61.7
2006;40;2006-10-01;2006-10-07;15.3;0.2;100.0;79.7
2006;41;2006-10-08;2006-10-14;14.7;0.5;100.0;70.6
2006;42;2006-10-15;2006-10-21;14.3;0.5;100.0;71.1
2006;43;2006-10-22;2006-10-28;13.4;0.4;99.2;32.7
2006;44;2006-10-29;2006-11-04;12.3;0.4;100.0;69.6
2006;45;2006-11-05;2006-11-11;11.5;0.3;100.0;59.0
2006;46;2006-11-12;2006-11-18;12.0;0.4;100.0;37.4
2006;47;2006-11-19;2006-11-25;11.4;0.3;38.3;6.2
2006;48;2006-11-26;2006-12-02;10.9;0.2;100.0;60.9
2006;49;2006-12-03;2006-12-09;10.2;0.8;99.0;25.0
2006;50;2006-12-10;2006-12-16;9.8;0.3;100.0;71.9
2006;51;2006-12-17;2006-12-23;9.2;0.4;100.0;39.2
2006;52;2006-12-24;2006-12-30;8.6;0.3;100.0;45.7
2007;01;2007-01-01;2007-01-07;8.2;0.3;100.0;77.8
2007;02;2007-01-08;2007-01-14;7.9;0.3;99.6;38.4
2007;03;2007-01-15;2007-01-21;7.1;0.5;36.2;5.4
2007;04;2007-01-22;2007-01-28;6.2;0.8;99.9;20.4
2007;05;2007-01-29;2007-02-04;5.1;0.6;65.5;14.6
2007;06;2007-02-05;2007-02-11;4.2;0.7;47.6;8.0
2007;07;2007-02-12;2007-02-18;3.8;0.4;27.1;4.0
2007;08;2007-02-19;2007-02-25;4.0;0.5;100.0;17.3
2007;09;2007-02-26;2007-03-04;3.7;0.8;100.0;76.0
2007;10;2007-03-05;2007-03-11;3.6;0.7;100.0;36.9
2007;11;2007-03-12;2007-03-18;3.8;0.7;100.0;47.7
2007;12;2007-03-19;2007-03-25;4.4;0.2;100.0;70.0
2007;13;2007-03-26;2007-04-01;4.2;0.5;100.0;85.7
2007;14;2007-04-02;2007-04-08;3.4;0.7;100.0;44.4
2007;15;2007-04-09;2007-04-15;4.1;0.4;100.0;57.2
2007;16;2007-04-16;2007-04-22;4.5;0.7;100.0;43.1
2007;17;2007-04-23;2007-04-29;5.7;0.4;100.0;67.0
2007;18;2007-04-30;2007-05-06;5.6;0.7;100.0;83.9
2007;19;2007-05-07;2007-05-13;6.4;0.6;100.0;58.4
2007;20;2007-05-14;2007-05-20;7.0;0.6;100.0;49.1
2007;21;2007-05-21;2007-05-27;7.9;0.6;100.0;83.2
2007;22;2007-05-28;2007-06-03;9.0;0.4;100.0;67.6
2007;23;2007-06-04;2007-06-10;9.1;0.7;100.0;49.5
2007;24;2007-06-11;2007-06-17;8.6;0.3;100.0;26.0
2007;25;2007-06-18;2007-06-24;9.7;0.5;100.0;99.0
2007;26;2007-06-25;2007-07-01;11.4;0.6;100.0;60.8
2007;27;2007-07-02;2007-07-08;12.6;0.7;100.0;55.2
2007;28;2007-07-09;2007-07-15;14.3;0.7;100.0;45.9
2007;29;2007-07-16;2007-07-22;15.1;1.1;82.9;18.3
2007;30;2007-07-23;2007-07-29;16.8;0.8;100.0;67.5
2007;31;2007-07-30;2007-08-05;17.7;0.8;100.0;70.2
2007;32;2007-08-06;2007-08-12;16.4;0.6;100.0;69.4
2007;33;2007-08-13;2007-08-19;15.7;0.6;100.0;76.7
2007;34;2007-08-20;2007-08-26;15.7;0.5;100.0;77.6
2007;35;2007-08-27;2007-09-02;16.9;0.6;100.0;66.0
2007;36;2007-09-03;2007-09-09;16.2;0.5;100.0;98.3
2007;37;2007-09-10;2007-09-16;16.4;0.5;100.0;56.1
2007;38;2007-09-17;2007-09-23;15.6;0.5;100.0;37.9
2007;39;2007-09-24;2007-09-30;15.8;0.3;100.0;73.4
2007;40;2007-10-01;2007-10-07;14.4;0.5;100.0;52.5
2007;41;2007-10-08;2007-10-14;14.3;0.7;100.0;70.2
2007;42;2007-10-15;2007-10-21;13.7;0.7;100.0;55.6
2007;43;2007-10-22;2007-10-28;13.3;0.4;100.0;65.0
2007;44;2007-10-29;2007-11-04;11.7;0.4;100.0;71.3
2007;45;2007-11-05;2007-11-11;11.1;0.6;100.0;53.2
2007;46;2007-11-12;2007-11-18;9.9;0.3;100.0;62.5
2007;47;2007-11-19;2007-11-25;9.5;0.5;99.6;34.9
2007;48;2007-11-26;2007-12-02;9.1;0.4;100.0;59.1
2007;49;2007-12-03;2007-12-09;8.5;0.4;36.2;5.5
2007;50;2007-12-10;2007-12-16;7.7;0.3;76.4;11.9
2007;51;2007-12-17;2007-12-23;6.9;0.4;100.0;31.8
2007;52;2007-12-24;2007-12-30;6.8;0.2;100.0;57.9
2008;01;2008-01-01;2008-01-07;6.5;0.2;100.0;55.7
2008;02;2008-01-08;2008-01-14;6.5;0.2;100.0;80.5
2008;03;2008-01-15;2008-01-21;6.3;0.3;100.0;17.1
2008;04;2008-01-22;2008-01-28;5.9;0.3;90.4;18.7
2008;05;2008-01-29;2008-02-04;5.5;0.3;100.0;59.4
2008;06;2008-02-05;2008-02-11;5.4;0.3;100.0;37.3
2008;07;2008-02-12;2008-02-18;5.1;0.3;100.0;30.1
2008;08;2008-02-19;2008-02-25;5.0;0.3;100.0;31.4
2008;09;2008-02-26;2008-03-03;4.8;0.3;100.0;40.5
2008;10;2008-03-04;2008-03-10;5.1;0.3;100.0;45.0
2008;11;2008-03-11;2008-03-17;4.4;0.4;100.0;33.2
2008;12;2008-03-18;2008-03-24;3.8;0.5;100.0;74.7
2008;13;2008-03-25;2008-03-31;4.0;0.5;100.0;50.5
2008;14;2008-04-01;2008-04-07;4.3;0.4;100.0;55.9
2008;15;2008-04-08;2008-04-14;4.6;0.4;100.0;61.8
2008;16;2008-04-15;2008-04-21;5.2;0.4;100.0;84.9
2008;17;2008-04-22;2008-04-28;5.5;0.5;100.0;93.4
2008;18;2008-04-29;2008-05-05;6.0;0.4;100.0;62.7
2008;19;2008-05-06;2008-05-12;6.0;0.3;100.0;56.0
2008;20;2008-05-13;2008-05-19;6.1;0.6;100.0;61.1
2008;21;2008-05-20;2008-05-26;7.1;0.4;100.0;86.3
2008;22;2008-05-27;2008-06-02;8.3;0.4;100.0;76.3
2008;23;2008-06-03;2008-06-09;9.2;0.4;100.0;56.8
2008;24;2008-06-10;2008-06-16;11.4;0.7;100.0;92.9
2008;25;2008-06-17;2008-06-23;12.9;0.8;100.0;66.3
2008;26;2008-06-24;2008-06-30;14.3;1.1;100.0;38.8
2008;27;2008-07-01;2008-07-07;14.8;1.2;100.0;24.6
2008;28;2008-07-08;2008-07-14;16.1;0.7;100.0;52.9
2008;29;2008-07-15;2008-07-21;17.6;0.7;99.8;46.5
2008;30;2008-07-22;2008-07-28;18.3;0.9;100.0;50.0
2008;31;2008-07-29;2008-08-04;18.7;1.2;100.0;45.0
2008;32;2008-08-05;2008-08-11;16.3;0.8;100.0;55.7
2008;33;2008-08-12;2008-08-18;15.9;0.6;100.0;74.8
2008;34;2008-08-19;2008-08-25;16.8;0.5;100.0;98.9
2008;35;2008-08-26;2008-09-01;15.6;0.4;100.0;84.4
2008;36;2008-09-02;2008-09-08;15.2;0.3;100.0;69.7
2008;37;2008-09-09;2008-09-15;15.8;0.3;100.0;86.0
2008;38;2008-09-16;2008-09-22;15.5;0.5;100.0;79.6
2008;39;2008-09-23;2008-09-29;15.0;0.5;100.0;39.1
2008;40;2008-09-30;2008-10-06;14.4;0.3;100.0;73.1
2008;41;2008-10-07;2008-10-13;13.8;0.2;100.0;84.1
2008;42;2008-10-14;2008-10-20;13.2;0.3;100.0;48.6
2008;43;2008-10-21;2008-10-27;11.6;0.4;100.0;63.7
2008;44;2008-10-28;2008-11-03;11.6;0.4;100.0;79.1
2008;45;2008-11-04;2008-11-10;11.7;0.3;100.0;58.7
2008;46;2008-11-11;2008-11-17;11.1;0.3;99.5;26.1
2008;47;2008-11-18;2008-11-24;10.2;0.5;37.2;6.9
2008;48;2008-11-25;2008-12-01;9.1;0.4;100.0;51.0
2008;49;2008-12-02;2008-12-08;8.9;0.3;100.0;51.9
2008;50;2008-12-09;2008-12-15;8.3;0.4;100.0;44.7
2008;51;2008-12-16;2008-12-22;8.5;0.6;59.4;8.6
2008;52;2008-12-23;2008-12-29;8.0;0.3;99.8;39.9
2009;01;2009-01-01;2009-01-07;6.9;0.3;99.1;15.1
2009;02;2009-01-08;2009-01-14;6.2;0.2;70.1;12.9
2009;03;2009-01-15;2009-01-21;5.3;0.6;34.5;5.3
2009;04;2009-01-22;2009-01-28;5.4;0.5;93.7;20.8
2009;05;2009-01-29;2009-02-04;5.1;0.3;100.0;45.7
2009;06;2009-02-05;2009-02-11;4.8;0.3;99.2;25.3
2009;07;2009-02-12;2009-02-18;3.8;0.8;100.0;76.2
2009;08;2009-02-19;2009-02-25;4.0;0.6;87.9;20.2
2009;09;2009-02-26;2009-03-04;4.0;0.4;100.0;35.0
2009;10;2009-03-05;2009-03-11;4.5;0.3;100.0;67.2
2009;11;2009-03-12;2009-03-18;4.2;0.4;100.0;85.3
2009;12;2009-03-19;2009-03-25;3.9;0.5;100.0;60.6
2009;13;2009-03-26;2009-04-01;3.5;0.6;100.0;44.6
2009;14;2009-04-02;2009-04-08;4.6;0.3;100.0;72.4
2009;15;2009-04-09;2009-04-15;4.9;0.1;100.0;58.5
2009;16;2009-04-16;2009-04-22;5.2;0.3;100.0;69.2
2009;17;2009-04-23;2009-04-29;6.1;0.2;100.0;93.0
2009;18;2009-04-30;2009-05-06;6.3;0.3;100.0;25.0
2009;19;2009-05-07;2009-05-13;6.7;0.4;100.0;47.3
2009;20;2009-05-14;2009-05-20;7.4;0.3;100.0;49.5
2009;21;2009-05-21;2009-05-27;8.6;0.3;100.0;66.4
2009;22;2009-05-28;2009-06-03;8.5;0.4;100.0;52.0
2009;23;2009-06-04;2009-06-10;9.4;0.4;100.0;37.1
2009;24;2009-06-11;2009-06-17;10.5;0.5;100.0;30.7
2009;25;2009-06-18;2009-06-24;12.3;0.9;99.5;38.6
2009;26;2009-06-25;2009-07-01;12.5;1.1;100.0;49.8
2009;27;2009-07-02;2009-07-08;12.3;0.9;100.0;68.3
2009;28;2009-07-09;2009-07-15;13.6;1.1;100.0;88.4
2009;29;2009-07-16;2009-07-22;15.7;1.1;99.1;51.6
2009;30;2009-07-23;2009-07-29;15.6;0.9;100.0;48.6
2009;31;2009-07-30;2009-08-05;16.4;0.8;71.2;18.3
2009;32;2009-08-06;2009-08-12;17.0;0.5;100.0;47.2
2009;33;2009-08-13;2009-08-19;16.9;0.7;100.0;72.6
2009;34;2009-08-20;2009-08-26;17.5;0.8;100.0;46.9
2009;35;2009-08-27;2009-09-02;16.5;0.5;100.0;57.3
2009;36;2009-09-03;2009-09-09;16.7;0.4;100.0;68.1
2009;37;2009-09-10;2009-09-16;15.8;0.3;100.0;69.2
2009;38;2009-09-17;2009-09-23;15.2;0.4;100.0;81.0
2009;39;2009-09-24;2009-09-30;14.5;0.3;100.0;78.3
2009;40;2009-10-01;2009-10-07;14.4;0.2;100.0;66.8
2009;41;2009-10-08;2009-10-14;13.6;0.4;100.0;60.0
2009;42;2009-10-15;2009-10-21;12.0;0.4;100.0;31.7
2009;43;2009-10-22;2009-10-28;11.8;0.4;100.0;47.9
2009;44;2009-10-29;2009-11-04;11.5;0.3;100.0;47.7
2009;45;2009-11-05;2009-11-11;11.0;0.3;100.0;52.9
2009;46;2009-11-12;2009-11-18;11.2;0.3;100.0;58.6
2009;47;2009-11-19;2009-11-25;11.1;0.4;100.0;55.3
2009;48;2009-11-26;2009-12-02;11.1;0.6;100.0;42.7
2009;49;2009-12-03;2009-12-09;11.1;0.5;100.0;16.6
2009;50;2009-12-10;2009-12-16;10.3;0.6;100.0;24.3
2009;51;2009-12-17;2009-12-23;8.7;0.4;71.5;10.2
2009;52;2009-12-24;2009-12-30;8.1;0.3;100.0;28.0
2010;01;2010-01-01;2010-01-07;7.0;0.5;55.8;9.4
2010;02;2010-01-08;2010-01-14;5.5;0.1;0.2;0.0
2010;03;2010-01-15;2010-01-21;5.8;0.6;100.0;29.1
2010;04;2010-01-22;2010-01-28;5.9;0.4;100.0;59.2
2010;05;2010-01-29;2010-02-04;5.8;0.3;17.4;2.6
2010;06;2010-02-05;2010-02-11;4.3;0.7;74.0;10.6
2010;07;2010-02-12;2010-02-18;4.1;0.6;96.7;26.8
2010;08;2010-02-19;2010-02-25;4.2;0.4;100.0;44.9
2010;09;2010-02-26;2010-03-04;3.9;0.5;81.1;11.6
2010;10;2010-03-05;2010-03-11;5.3;0.3;100.0;85.7
2010;11;2010-03-12;2010-03-18;5.3;0.3;100.0;57.1
2010;12;2010-03-19;2010-03-25;5.7;0.3;100.0;77.9
2010;13;2010-03-26;2010-04-01;5.1;0.6;100.0;38.9
2010;14;2010-04-02;2010-04-08;5.8;0.4;100.0;57.8
2010;15;2010-04-09;2010-04-15;5.5;0.4;100.0;85.0
2010;16;2010-04-16;2010-04-22;5.7;0.3;100.0;71.5
2010;17;2010-04-23;2010-04-29;6.1;0.4;100.0;69.4
2010;18;2010-04-30;2010-05-06;7.1;0.2;100.0;84.7
2010;19;2010-05-07;2010-05-13;7.1;0.3;100.0;92.1
2010;20;2010-05-14;2010-05-20;7.6;0.3;100.0;71.1
2010;21;2010-05-21;2010-05-27;8.7;0.5;100.0;78.5
2010;22;2010-05-28;2010-06-03;9.4;0.6;100.0;70.7
2010;23;2010-06-04;2010-06-10;11.0;0.6;100.0;51.6
2010;24;2010-06-11;2010-06-17;11.6;0.7;100.0;59.4
2010;25;2010-06-18;2010-06-24;13.1;0.9;100.0;52.4
2010;26;2010-06-25;2010-07-01;13.7;0.9;100.0;45.9
2010;27;2010-07-02;2010-07-08;16.4;0.7;100.0;90.9
2010;28;2010-07-09;2010-07-15;18.0;0.8;99.6;42.1
2010;29;2010-07-16;2010-07-22;17.0;1.2;100.0;41.2
2010;30;2010-07-23;2010-07-29;17.5;0.6;100.0;76.9
2010;31;2010-07-30;2010-08-05;17.4;0.5;100.0;71.4
2010;32;2010-08-06;2010-08-12;18.4;0.6;100.0;86.6
2010;33;2010-08-13;2010-08-19;17.9;0.9;100.0;63.1
2010;34;2010-08-20;2010-08-26;17.7;0.9;100.0;45.3
2010;35;2010-08-27;2010-09-02;18.1;0.6;100.0;99.8
2010;36;2010-09-03;2010-09-09;17.2;0.4;100.0;98.7
2010;37;2010-09-10;2010-09-16;16.4;0.4;100.0;78.7
2010;38;2010-09-17;2010-09-23;15.7;0.3;100.0;62.5
2010;39;2010-09-24;2010-09-30;16.0;0.3;100.0;78.0
2010;40;2010-10-01;2010-10-07;16.4;0.3;100.0;54.7
2010;41;2010-10-08;2010-10-14;14.5;0.2;100.0;100.0
2010;42;2010-10-15;2010-10-21;13.4;0.2;100.0;60.6
2010;43;2010-10-22;2010-10-28;12.5;0.4;99.8;44.7
2010;44;2010-10-29;2010-11-04;11.8;0.4;91.9;32.2
2010;45;2010-11-05;2010-11-11;11.8;0.7;83.2;12.0
2010;46;2010-11-12;2010-11-18;11.3;1.0;100.0;75.6
2010;47;2010-11-19;2010-11-25;10.3;0.7;100.0;39.2
2010;48;2010-11-26;2010-12-02;9.4;0.3;100.0;36.0
2010;49;2010-12-03;2010-12-09;8.7;0.2;55.1;10.6
2010;50;2010-12-10;2010-12-16;8.4;0.3;99.8;30.0
2010;51;2010-12-17;2010-12-23;8.3;0.4;20.4;3.0
2010;52;2010-12-24;2010-12-30;7.7;0.2;100.0;34.9
2011;01;2011-01-01;2011-01-07;7.4;0.3;100.0;33.3
2011;02;2011-01-08;2011-01-14;7.0;0.5;47.6;8.0
2011;03;2011-01-15;2011-01-21;6.7;0.3;43.1;7.5
2011;04;2011-01-22;2011-01-28;6.3;0.3;27.6;4.2
2011;05;2011-01-29;2011-02-04;6.4;0.5;97.7;28.3
2011;06;2011-02-05;2011-02-11;6.4;0.3;98.9;20.5
2011;07;2011-02-12;2011-02-18;5.3;0.6;100.0;70.0
2011;08;2011-02-19;2011-02-25;3.9;0.7;100.0;45.2
2011;09;2011-02-26;2011-03-04;4.6;0.5;100.0;25.4
2011;10;2011-03-05;2011-03-11;4.5;0.7;100.0;60.1
2011;11;2011-03-12;2011-03-18;4.8;0.5;100.0;72.6
2011;12;2011-03-19;2011-03-25;4.4;0.7;100.0;54.3
2011;13;2011-03-26;2011-04-01;4.0;0.7;100.0;73.8
2011;14;2011-04-02;2011-04-08;4.2;0.5;100.0;80.1
2011;15;2011-04-09;2011-04-15;4.8;0.3;100.0;45.3
2011;16;2011-04-16;2011-04-22;5.6;0.2;100.0;58.0
2011;17;2011-04-23;2011-04-29;5.6;0.5;100.0;20.0
2011;18;2011-04-30;2011-05-06;6.3;0.3;100.0;56.4
2011;19;2011-05-07;2011-05-13;6.2;0.4;67.5;12.4
2011;20;2011-05-14;2011-05-20;6.6;0.6;95.6;26.2
2011;21;2011-05-21;2011-05-27;7.3;0.5;99.9;35.8
2011;22;2011-05-28;2011-06-03;9.3;0.5;100.0;59.9
2011;23;2011-06-04;2011-06-10;10.4;0.5;100.0;79.4
2011;24;2011-06-11;2011-06-17;10.3;0.5;100.0;43.6
2011;25;2011-06-18;2011-06-24;11.1;0.8;100.0;60.0
2011;26;2011-06-25;2011-07-01;12.5;0.7;100.0;42.5
2011;27;2011-07-02;2011-07-08;13.7;0.8;100.0;46.2
2011;28;2011-07-09;2011-07-15;15.0;1.0;100.0;57.2
2011;29;2011-07-16;2011-07-22;14.9;0.7;100.0;65.3
2011;30;2011-07-23;2011-07-29;16.8;0.6;100.0;65.3
2011;31;2011-07-30;2011-08-05;16.8;0.7;100.0;60.8
2011;32;2011-08-06;2011-08-12;16.2;0.7;100.0;46.9
2011;33;2011-08-13;2011-08-19;16.8;0.9;100.0;81.9
2011;34;2011-08-20;2011-08-26;18.3;0.7;100.0;92.3
2011;35;2011-08-27;2011-09-02;17.4;0.7;100.0;78.5
2011;36;2011-09-03;2011-09-09;17.2;0.6;100.0;54.3
2011;37;2011-09-10;2011-09-16;17.1;0.5;100.0;77.2
2011;38;2011-09-17;2011-09-23;16.4;0.2;100.0;78.2
2011;39;2011-09-24;2011-09-30;16.9;0.5;100.0;68.1
2011;40;2011-10-01;2011-10-07;15.8;0.5;98.8;39.0
2011;41;2011-10-08;2011-10-14;14.9;0.4;100.0;69.2
2011;42;2011-10-15;2011-10-21;14.8;0.2;100.0;75.3
2011;43;2011-10-22;2011-10-28;14.3;0.3;100.0;54.8
2011;44;2011-10-29;2011-11-04;12.0;0.4;100.0;56.6
2011;45;2011-11-05;2011-11-11;11.2;0.3;100.0;77.4
2011;46;2011-11-12;2011-11-18;10.9;0.3;100.0;54.6
2011;47;2011-11-19;2011-11-25;10.6;0.3;100.0;57.2
2011;48;2011-11-26;2011-12-02;10.6;0.3;100.0;77.1
2011;49;2011-12-03;2011-12-09;10.1;0.3;100.0;56.0
2011;50;2011-12-10;2011-12-16;9.9;0.3;100.0;71.4
2011;51;2011-12-17;2011-12-23;9.5;0.3;100.0;80.8
2011;52;2011-12-24;2011-12-30;8.7;0.3;100.0;24.8
2012;01;2012-01-01;2012-01-07;8.5;0.4;99.0;35.1
2012;02;2012-01-08;2012-01-14;7.9;0.3;100.0;58.8
2012;03;2012-01-15;2012-01-21;7.1;0.4;71.2;12.8
2012;04;2012-01-22;2012-01-28;7.1;0.5;91.5;26.7
2012;05;2012-01-29;2012-02-04;7.0;0.2;100.0;51.5
2012;06;2012-02-05;2012-02-11;6.4;0.3;100.0;56.8
2012;07;2012-02-12;2012-02-18;6.4;0.3;100.0;33.9
2012;08;2012-02-19;2012-02-25;6.1;0.2;100.0;75.8
2012;09;2012-02-26;2012-03-03;5.8;0.3;100.0;29.7
2012;10;2012-03-04;2012-03-10;5.8;0.3;100.0;54.4
2012;11;2012-03-11;2012-03-17;5.8;0.3;100.0;42.3
2012;12;2012-03-18;2012-03-24;7.0;0.2;100.0;77.1
2012;13;2012-03-25;2012-03-31;5.9;0.7;95.3;22.3
2012;14;2012-04-01;2012-04-07;5.6;0.7;100.0;89.5
2012;15;2012-04-08;2012-04-14;6.3;0.3;100.0;75.1
2012;16;2012-04-15;2012-04-21;7.4;0.3;100.0;94.4
2012;17;2012-04-22;2012-04-28;7.8;0.3;100.0;68.7
2012;18;2012-04-29;2012-05-05;7.7;0.4;100.0;84.8
2012;19;2012-05-06;2012-05-12;8.2;0.3;100.0;75.1
2012;20;2012-05-13;2012-05-19;9.2;0.3;100.0;48.0
2012;21;2012-05-20;2012-05-26;10.9;0.7;100.0;43.1
2012;22;2012-05-27;2012-06-02;11.3;0.9;100.0;67.5
2012;23;2012-06-03;2012-06-09;10.2;0.9;100.0;41.5
2012;24;2012-06-10;2012-06-16;11.6;1.0;100.0;69.6
2012;25;2012-06-17;2012-06-23;13.2;2.0;100.0;61.9
2012;26;2012-06-24;2012-06-30;14.0;1.1;100.0;80.3
2012;27;2012-07-01;2012-07-07;15.6;1.1;100.0;73.6
2012;28;2012-07-08;2012-07-14;16.5;1.2;100.0;71.6
2012;29;2012-07-15;2012-07-21;18.5;1.0;100.0;57.6
2012;30;2012-07-22;2012-07-28;18.0;0.8;100.0;77.2
2012;31;2012-07-29;2012-08-04;17.5;0.8;100.0;55.7
2012;32;2012-08-05;2012-08-11;18.5;0.8;100.0;66.8
2012;33;2012-08-12;2012-08-18;19.7;0.8;100.0;91.1
2012;34;2012-08-19;2012-08-25;20.1;1.0;99.9;59.5
2012;35;2012-08-26;2012-09-01;18.9;0.8;100.0;96.2
2012;36;2012-09-02;2012-09-08;18.1;0.6;100.0;78.4
2012;37;2012-09-09;2012-09-15;18.4;0.5;100.0;100.0
2012;38;2012-09-16;2012-09-22;17.9;0.4;100.0;57.7
2012;39;2012-09-23;2012-09-29;17.4;0.4;100.0;62.7
2012;40;2012-09-30;2012-10-06;17.2;0.2;100.0;67.1
2012;41;2012-10-07;2012-10-13;16.7;0.4;100.0;55.6
2012;42;2012-10-14;2012-10-20;15.5;0.4;100.0;47.2
2012;43;2012-10-21;2012-10-27;14.8;0.3;100.0;100.0
2012;44;2012-10-28;2012-11-03;14.0;0.3;100.0;51.1
2012;45;2012-11-04;2012-11-10;13.2;0.3;100.0;48.5
2012;46;2012-11-11;2012-11-17;12.5;0.4;100.0;52.0
2012;47;2012-11-18;2012-11-24;11.7;0.4;100.0;90.9
2012;48;2012-11-25;2012-12-01;10.6;0.3;81.8;23.1
2012;49;2012-12-02;2012-12-08;10.3;0.2;100.0;69.0
2012;50;2012-12-09;2012-12-15;9.9;0.2;99.9;35.8
2012;51;2012-12-16;2012-12-22;9.5;0.3;99.1;32.6
2012;52;2012-12-23;2012-12-29;9.0;0.3;80.3;11.9
2013;01;2013-01-01;2013-01-07;7.7;0.5;97.6;28.1
2013;02;2013-01-08;2013-01-14;7.9;0.3;100.0;89.3
2013;03;2013-01-15;2013-01-21;7.7;0.2;100.0;38.0
2013;04;2013-01-22;2013-01-28;6.7;0.7;17.2;2.7
2013;05;2013-01-29;2013-02-04;6.0;0.5;98.5;28.1
2013;06;2013-02-05;2013-02-11;6.5;0.4;100.0;19.2
2013;07;2013-02-12;2013-02-18;6.2;0.4;100.0;53.1
2013;08;2013-02-19;2013-02-25;5.8;0.3;100.0;18.0
2013;09;2013-02-26;2013-03-04;5.4;0.5;100.0;40.5
2013;10;2013-03-05;2013-03-11;6.1;0.5;99.6;16.6
2013;11;2013-03-12;2013-03-18;6.4;0.4;100.0;43.2
2013;12;2013-03-19;2013-03-25;5.6;0.4;100.0;60.7
2013;13;2013-03-26;2013-04-01;5.4;0.3;100.0;77.1
2013;14;2013-04-02;2013-04-08;5.6;0.3;100.0;95.7
2013;15;2013-04-09;2013-04-15;5.5;0.4;100.0;36.6
2013;16;2013-04-16;2013-04-22;6.2;0.4;100.0;84.5
2013;17;2013-04-23;2013-04-29;6.3;0.4;100.0;66.8
2013;18;2013-04-30;2013-05-06;6.7;0.2;100.0;77.8
2013;19;2013-05-07;2013-05-13;8.0;0.3;100.0;56.3
2013;20;2013-05-14;2013-05-20;8.4;0.3;100.0;70.9
2013;21;2013-05-21;2013-05-27;8.5;0.4;100.0;52.0
2013;22;2013-05-28;2013-06-03;10.2;0.4;100.0;78.1
2013;23;2013-06-04;2013-06-10;10.9;0.3;100.0;73.3
2013;24;2013-06-11;2013-06-17;11.1;0.2;100.0;38.0
2013;25;2013-06-18;2013-06-24;12.7;0.6;100.0;74.1
2013;26;2013-06-25;2013-07-01;13.7;0.8;100.0;40.0
2013;27;2013-07-02;2013-07-08;16.0;0.4;100.0;67.9
2013;28;2013-07-09;2013-07-15;17.0;0.5;100.0;41.3
2013;29;2013-07-16;2013-07-22;18.1;0.5;100.0;67.4
2013;30;2013-07-23;2013-07-29;16.7;0.9;100.0;64.1
2013;31;2013-07-30;2013-08-05;16.8;0.8;100.0;75.1
2013;32;2013-08-06;2013-08-12;17.5;0.7;100.0;89.3
2013;33;2013-08-13;2013-08-19;17.7;0.4;100.0;76.1
2013;34;2013-08-20;2013-08-26;17.2;0.5;100.0;69.4
2013;35;2013-08-27;2013-09-02;17.1;0.5;100.0;56.5
2013;36;2013-09-03;2013-09-09;17.2;0.5;100.0;85.9
2013;37;2013-09-10;2013-09-16;17.4;0.4;100.0;76.6
2013;38;2013-09-17;2013-09-23;16.3;0.4;100.0;98.4
2013;39;2013-09-24;2013-09-30;15.1;0.7;100.0;43.3
2013;40;2013-10-01;2013-10-07;15.3;0.5;100.0;77.4
2013;41;2013-10-08;2013-10-14;14.9;0.6;100.0;62.2
2013;42;2013-10-15;2013-10-21;14.7;0.3;100.0;73.1
2013;43;2013-10-22;2013-10-28;13.9;0.1;100.0;92.9
2013;44;2013-10-29;2013-11-04;12.6;0.3;99.8;36.4
2013;45;2013-11-05;2013-11-11;12.4;0.4;100.0;50.8
2013;46;2013-11-12;2013-11-18;11.7;0.5;100.0;58.8
2013;47;2013-11-19;2013-11-25;11.0;0.5;100.0;60.3
2013;48;2013-11-26;2013-12-02;9.9;0.4;100.0;39.9
2013;49;2013-12-03;2013-12-09;9.7;0.4;100.0;22.1
2013;50;2013-12-10;2013-12-16;8.9;0.4;19.2;2.9
2013;51;2013-12-17;2013-12-23;8.0;0.3;99.5;29.0
2013;52;2013-12-24;2013-12-30;7.8;0.3;100.0;39.0
2014;01;2014-01-01;2014-01-07;7.1;0.5;98.2;27.2
2014;02;2014-01-08;2014-01-14;7.2;0.3;100.0;42.3
2014;03;2014-01-15;2014-01-21;6.6;0.3;100.0;51.8
2014;04;2014-01-22;2014-01-28;6.1;0.3;30.0;4.5
2014;05;2014-01-29;2014-02-04;6.0;0.3;99.9;34.2
2014;06;2014-02-05;2014-02-11;5.5;0.6;98.4;27.4
2014;07;2014-02-12;2014-02-18;5.5;0.3;80.9;17.9
2014;08;2014-02-19;2014-02-25;5.5;0.2;100.0;64.2
2014;09;2014-02-26;2014-03-04;4.9;0.5;100.0;48.4
2014;10;2014-03-05;2014-03-11;4.5;0.6;100.0;50.1
2014;11;2014-03-12;2014-03-18;4.9;0.3;100.0;65.6
2014;12;2014-03-19;2014-03-25;4.6;0.7;100.0;75.7
2014;13;2014-03-26;2014-04-01;4.7;0.6;100.0;29.3
2014;14;2014-04-02;2014-04-08;4.5;0.5;100.0;58.3
2014;15;2014-04-09;2014-04-15;5.4;0.3;100.0;69.4
2014;16;2014-04-16;2014-04-22;5.6;0.4;100.0;88.7
2014;17;2014-04-23;2014-04-29;5.8;0.5;100.0;28.3
2014;18;2014-04-30;2014-05-06;5.8;0.4;100.0;58.3
2014;19;2014-05-07;2014-05-13;6.7;0.6;100.0;80.8
2014;20;2014-05-14;2014-05-20;7.5;0.6;100.0;71.7
2014;21;2014-05-21;2014-05-27;7.2;0.6;100.0;59.0
2014;22;2014-05-28;2014-06-03;8.2;2.2;100.0;69.7
2014;23;2014-06-04;2014-06-10;10.0;0.5;100.0;67.5
2014;24;2014-06-11;2014-06-17;10.1;0.6;100.0;60.5
2014;25;2014-06-18;2014-06-24;10.6;0.9;100.0;83.2
2014;26;2014-06-25;2014-07-01;13.2;1.0;100.0;76.6
2014;27;2014-07-02;2014-07-08;14.7;0.6;100.0;74.9
2014;28;2014-07-09;2014-07-15;15.0;0.8;100.0;61.0
2014;29;2014-07-16;2014-07-22;16.0;1.1;100.0;61.3
2014;30;2014-07-23;2014-07-29;17.4;1.0;100.0;58.8
2014;31;2014-07-30;2014-08-05;17.9;0.6;100.0;54.7
2014;32;2014-08-06;2014-08-12;17.7;0.8;100.0;88.9
2014;33;2014-08-13;2014-08-19;16.6;0.9;100.0;84.6
2014;34;2014-08-20;2014-08-26;17.3;0.7;100.0;96.9
2014;35;2014-08-27;2014-09-02;17.2;0.5;100.0;80.0
2014;36;2014-09-03;2014-09-09;18.2;0.5;100.0;84.4
2014;37;2014-09-10;2014-09-16;17.1;0.5;100.0;79.7
2014;38;2014-09-17;2014-09-23;17.4;0.4;100.0;95.6
2014;39;2014-09-24;2014-09-30;17.0;0.4;100.0;74.4
2014;40;2014-10-01;2014-10-07;16.3;0.6;100.0;49.5
2014;41;2014-10-08;2014-10-14;15.6;0.4;100.0;85.7
2014;42;2014-10-15;2014-10-21;15.4;0.3;100.0;69.9
2014;43;2014-10-22;2014-10-28;14.9;0.2;100.0;68.4
2014;44;2014-10-29;2014-11-04;13.8;0.3;100.0;49.7
2014;45;2014-11-05;2014-11-11;12.0;0.7;100.0;45.0
2014;46;2014-11-12;2014-11-18;11.4;0.5;96.9;47.6
2014;47;2014-11-19;2014-11-25;10.5;0.4;100.0;48.3
2014;48;2014-11-26;2014-12-02;10.3;0.4;100.0;38.3
2014;49;2014-12-03;2014-12-09;9.6;0.4;99.8;41.9
2014;50;2014-12-10;2014-12-16;9.1;0.4;97.5;32.8
2014;51;2014-12-17;2014-12-23;8.7;0.8;65.8;14.0
2014;52;2014-12-24;2014-12-30;9.0;0.2;100.0;42.7
2015;01;2015-01-01;2015-01-07;8.5;0.4;78.4;14.6
2015;02;2015-01-08;2015-01-14;7.6;0.3;50.2;10.1
2015;03;2015-01-15;2015-01-21;7.3;0.3;99.9;42.9
2015;04;2015-01-22;2015-01-28;7.1;0.4;85.3;25.2
2015;05;2015-01-29;2015-02-04;6.3;0.4;34.9;5.2
2015;06;2015-02-05;2015-02-11;6.4;0.5;2.8;0.4
2015;07;2015-02-12;2015-02-18;6.1;0.2;13.8;2.0
2015;08;2015-02-19;2015-02-25;5.7;0.5;100.0;28.4
2015;09;2015-02-26;2015-03-04;5.1;0.5;100.0;33.8
2015;10;2015-03-05;2015-03-11;4.3;0.4;100.0;55.1
2015;11;2015-03-12;2015-03-18;4.3;0.5;100.0;45.6
2015;12;2015-03-19;2015-03-25;4.0;0.4;100.0;18.6
2015;13;2015-03-26;2015-04-01;4.0;0.7;100.0;60.0
2015;14;2015-04-02;2015-04-08;4.0;0.4;100.0;73.0
2015;15;2015-04-09;2015-04-15;5.0;0.4;100.0;71.0
2015;16;2015-04-16;2015-04-22;5.0;0.7;100.0;82.2
2015;17;2015-04-23;2015-04-29;5.0;0.6;100.0;90.3
2015;18;2015-04-30;2015-05-06;5.3;0.9;100.0;72.3
2015;19;2015-05-07;2015-05-13;6.5;0.7;100.0;64.6
2015;20;2015-05-14;2015-05-20;7.1;0.3;100.0;62.9
2015;21;2015-05-21;2015-05-27;7.6;0.4;100.0;72.3
2015;22;2015-05-28;2015-06-03;9.9;0.7;100.0;37.1
2015;23;2015-06-04;2015-06-10;9.6;0.4;100.0;68.5
2015;24;2015-06-11;2015-06-17;10.4;0.6;100.0;57.2
2015;25;2015-06-18;2015-06-24;11.2;0.6;100.0;84.1
2015;26;2015-06-25;2015-07-01;12.5;0.6;100.0;67.9
2015;27;2015-07-02;2015-07-08;13.4;0.7;100.0;77.2
2015;28;2015-07-09;2015-07-15;13.8;1.0;100.0;51.8
2015;29;2015-07-16;2015-07-22;15.2;2.1;100.0;34.1
2015;30;2015-07-23;2015-07-29;16.8;1.0;100.0;79.2
2015;31;2015-07-30;2015-08-05;17.4;1.4;100.0;66.8
2015;32;2015-08-06;2015-08-12;16.8;1.2;100.0;56.5
2015;33;2015-08-13;2015-08-19;17.9;1.1;100.0;60.6
2015;34;2015-08-20;2015-08-26;19.4;0.7;100.0;78.9
2015;35;2015-08-27;2015-09-02;18.7;1.4;100.0;86.7
2015;36;2015-09-03;2015-09-09;17.7;0.9;100.0;97.1
2015;37;2015-09-10;2015-09-16;17.9;0.8;100.0;79.3
2015;38;2015-09-17;2015-09-23;18.2;0.6;100.0;89.6
2015;39;2015-09-24;2015-09-30;17.0;0.4;100.0;99.4
2015;40;2015-10-01;2015-10-07;15.4;0.7;100.0;31.9
2015;41;2015-10-08;2015-10-14;15.2;0.5;100.0;95.2
2015;42;2015-10-15;2015-10-21;14.7;0.3;100.0;76.7
2015;43;2015-10-22;2015-10-28;13.3;0.3;100.0;57.2
2015;44;2015-10-29;2015-11-04;12.7;0.4;100.0;63.1
2015;45;2015-11-05;2015-11-11;12.8;0.5;100.0;59.3
2015;46;2015-11-12;2015-11-18;12.3;0.3;100.0;52.3
2015;47;2015-11-19;2015-11-25;11.3;0.4;100.0;56.0
2015;48;2015-11-26;2015-12-02;11.2;0.5;100.0;58.0
2015;49;2015-12-03;2015-12-09;10.6;0.4;100.0;44.0
2015;50;2015-12-10;2015-12-16;10.3;0.3;100.0;84.9
2015;51;2015-12-17;2015-12-23;9.6;0.4;90.4;19.2
2015;52;2015-12-24;2015-12-30;9.9;0.4;99.8;23.4
2016;01;2016-01-01;2016-01-07;8.6;0.4;100.0;47.7
2016;02;2016-01-08;2016-01-14;8.2;0.4;100.0;47.7
2016;03;2016-01-15;2016-01-21;8.0;0.5;75.3;16.7
2016;04;2016-01-22;2016-01-28;6.8;0.4;100.0;46.9
2016;05;2016-01-29;2016-02-04;6.8;0.3;100.0;60.5
2016;06;2016-02-05;2016-02-11;6.6;0.4;100.0;29.5
2016;07;2016-02-12;2016-02-18;6.1;0.4;87.0;18.3
2016;08;2016-02-19;2016-02-25;6.1;0.3;100.0;69.2
2016;09;2016-02-26;2016-03-03;6.2;0.3;100.0;77.9
2016;10;2016-03-04;2016-03-10;5.5;0.3;100.0;57.0
2016;11;2016-03-11;2016-03-17;5.9;0.3;100.0;44.2
2016;12;2016-03-18;2016-03-24;6.0;0.2;100.0;81.7
2016;13;2016-03-25;2016-03-31;5.9;0.4;100.0;53.1
2016;14;2016-04-01;2016-04-07;5.6;0.6;100.0;28.2
2016;15;2016-04-08;2016-04-14;5.9;0.4;100.0;51.7
2016;16;2016-04-15;2016-04-21;6.1;0.2;100.0;66.5
2016;17;2016-04-22;2016-04-28;6.8;0.2;100.0;90.3
2016;18;2016-04-29;2016-05-05;6.7;0.6;100.0;38.7
2016;19;2016-05-06;2016-05-12;7.2;0.4;100.0;72.7
2016;20;2016-05-13;2016-05-19;8.1;0.3;100.0;87.6
2016;21;2016-05-20;2016-05-26;9.0;0.4;100.0;75.4
2016;22;2016-05-27;2016-06-02;9.4;0.4;100.0;66.6
2016;23;2016-06-03;2016-06-09;9.5;0.5;100.0;47.3
2016;24;2016-06-10;2016-06-16;10.8;0.5;100.0;83.5
2016;25;2016-06-17;2016-06-23;13.1;0.6;100.0;82.5
2016;26;2016-06-24;2016-06-30;13.9;0.9;100.0;69.9
2016;27;2016-07-01;2016-07-07;14.3;1.1;100.0;81.9
2016;28;2016-07-08;2016-07-14;14.5;0.7;100.0;70.5
2016;29;2016-07-15;2016-07-21;16.0;0.8;100.0;69.5
2016;30;2016-07-22;2016-07-28;17.4;0.7;100.0;95.6
2016;31;2016-07-29;2016-08-04;17.5;1.0;100.0;51.3
2016;32;2016-08-05;2016-08-11;17.3;0.8;100.0;85.8
2016;33;2016-08-12;2016-08-18;18.8;0.6;100.0;86.8
2016;34;2016-08-19;2016-08-25;18.7;0.7;100.0;100.0
2016;35;2016-08-26;2016-09-01;18.4;0.7;100.0;85.9
2016;36;2016-09-02;2016-09-08;18.5;0.7;100.0;66.6
2016;37;2016-09-09;2016-09-15;18.3;0.3;100.0;98.6
2016;38;2016-09-16;2016-09-22;17.8;0.4;100.0;93.6
2016;39;2016-09-23;2016-09-29;17.7;0.4;100.0;72.1
2016;40;2016-09-30;2016-10-06;16.8;0.5;100.0;39.9
2016;41;2016-10-07;2016-10-13;16.3;0.3;100.0;73.5
2016;42;2016-10-14;2016-10-20;15.1;0.4;100.0;100.0
2016;43;2016-10-21;2016-10-27;13.8;0.4;100.0;77.7
2016;44;2016-10-28;2016-11-03;12.9;0.3;100.0;37.4
2016;45;2016-11-04;2016-11-10;12.3;0.4;100.0;73.1
2016;46;2016-11-11;2016-11-17;11.8;0.4;100.0;67.9
2016;47;2016-11-18;2016-11-24;10.9;0.3;97.1;35.8
2016;48;2016-11-25;2016-12-01;10.4;0.3;91.5;21.7
2016;49;2016-12-02;2016-12-08;10.1;0.2;99.9;37.4
2016;50;2016-12-09;2016-12-15;9.3;0.2;100.0;38.1
2016;51;2016-12-16;2016-12-22;8.3;0.5;99.3;21.4
2016;52;2016-12-23;2016-12-29;8.3;0.2;100.0;68.0
2017;01;2017-01-01;2017-01-07;8.1;0.4;100.0;43.7
2017;02;2017-01-08;2017-01-14;7.1;0.6;100.0;67.7
2017;03;2017-01-15;2017-01-21;6.9;0.7;100.0;39.1
2017;04;2017-01-22;2017-01-28;6.6;0.5;83.2;18.8
2017;05;2017-01-29;2017-02-04;6.3;0.7;100.0;51.6
2017;06;2017-02-05;2017-02-11;5.8;0.5;83.2;16.3
2017;07;2017-02-12;2017-02-18;6.0;0.6;99.8;23.5
2017;08;2017-02-19;2017-02-25;6.3;0.5;100.0;77.4
2017;09;2017-02-26;2017-03-04;6.0;0.8;100.0;69.2
2017;10;2017-03-05;2017-03-11;4.4;0.7;100.0;52.4
2017;11;2017-03-12;2017-03-18;4.2;0.5;100.0;25.7
2017;12;2017-03-19;2017-03-25;4.0;0.6;100.0;43.6
2017;13;2017-03-26;2017-04-01;4.4;0.6;100.0;37.9
2017;14;2017-04-02;2017-04-08;4.2;0.9;100.0;47.8
2017;15;2017-04-09;2017-04-15;5.3;0.5;100.0;96.0
2017;16;2017-04-16;2017-04-22;5.9;0.6;100.0;60.9
2017;17;2017-04-23;2017-04-29;5.6;0.8;100.0;24.5
2017;18;2017-04-30;2017-05-06;6.6;0.4;100.0;53.9
2017;19;2017-05-07;2017-05-13;7.1;0.5;100.0;94.4
2017;20;2017-05-14;2017-05-20;8.1;0.8;100.0;72.1
2017;21;2017-05-21;2017-05-27;8.1;0.8;100.0;58.0
2017;22;2017-05-28;2017-06-03;8.3;0.4;100.0;74.2
2017;23;2017-06-04;2017-06-10;8.7;0.5;100.0;48.1
2017;24;2017-06-11;2017-06-17;10.1;0.3;100.0;75.7
2017;25;2017-06-18;2017-06-24;11.4;0.8;100.0;34.9
2017;26;2017-06-25;2017-07-01;12.1;0.9;100.0;95.3
2017;27;2017-07-02;2017-07-08;14.5;0.6;100.0;69.9
2017;28;2017-07-09;2017-07-15;15.4;0.9;100.0;50.1
2017;29;2017-07-16;2017-07-22;16.5;1.6;100.0;43.1
2017;30;2017-07-23;2017-07-29;14.6;1.4;100.0;62.6
2017;31;2017-07-30;2017-08-05;16.1;1.7;100.0;92.1
2017;32;2017-08-06;2017-08-12;17.5;2.4;100.0;67.5
2017;33;2017-08-13;2017-08-19;17.4;1.0;100.0;53.1
2017;34;2017-08-20;2017-08-26;17.2;0.8;100.0;85.9
2017;35;2017-08-27;2017-09-02;16.9;0.3;100.0;85.7
2017;36;2017-09-03;2017-09-09;16.2;0.3;100.0;88.0
2017;37;2017-09-10;2017-09-16;16.7;0.4;100.0;91.5
2017;38;2017-09-17;2017-09-23;17.2;0.6;100.0;27.3
2017;39;2017-09-24;2017-09-30;17.1;0.9;100.0;64.1
2017;40;2017-10-01;2017-10-07;15.3;0.2;100.0;97.5
2017;41;2017-10-08;2017-10-14;15.3;0.6;100.0;78.5
2017;42;2017-10-15;2017-10-21;14.7;0.3;100.0;69.7
2017;43;2017-10-22;2017-10-28;14.6;0.2;100.0;82.2
2017;44;2017-10-29;2017-11-04;14.5;0.2;100.0;98.5
2017;45;2017-11-05;2017-11-11;13.9;1.5;100.0;61.3
2017;46;2017-11-12;2017-11-18;12.2;0.7;100.0;48.0
2017;47;2017-11-19;2017-11-25;11.5;0.3;100.0;59.2
2017;48;2017-11-26;2017-12-02;11.1;0.3;100.0;77.4
2017;49;2017-12-03;2017-12-09;10.7;0.5;88.0;27.6
2017;50;2017-12-10;2017-12-16;10.0;0.3;71.8;12.1
2017;51;2017-12-17;2017-12-23;9.8;0.9;99.4;18.4
2017;52;2017-12-24;2017-12-30;9.2;0.4;46.5;7.3
2018;01;2018-01-01;2018-01-07;8.9;0.9;97.6;17.7
2018;02;2018-01-08;2018-01-14;8.1;0.8;100.0;38.8
2018;03;2018-01-15;2018-01-21;8.4;0.8;100.0;16.3
2018;04;2018-01-22;2018-01-28;8.3;0.5;100.0;52.2
2018;05;2018-01-29;2018-02-04;7.1;0.5;85.5;16.1
2018;06;2018-02-05;2018-02-11;6.8;0.4;100.0;21.2
2018;07;2018-02-12;2018-02-18;6.7;0.4;100.0;38.0
2018;08;2018-02-19;2018-02-25;6.3;0.4;100.0;63.3
2018;09;2018-02-26;2018-03-04;6.1;0.6;100.0;39.9
2018;10;2018-03-05;2018-03-11;6.5;0.3;96.9;39.9
2018;11;2018-03-12;2018-03-18;6.4;0.4;99.2;36.1
2018;12;2018-03-19;2018-03-25;6.2;0.4;97.6;24.9
2018;13;2018-03-26;2018-04-01;7.0;0.6;100.0;58.2
2018;14;2018-04-02;2018-04-08;6.8;0.7;100.0;63.1
2018;15;2018-04-09;2018-04-15;5.9;0.8;100.0;51.7
2018;16;2018-04-16;2018-04-22;5.8;0.4;100.0;74.7
2018;17;2018-04-23;2018-04-29;6.8;0.3;100.0;61.6
2018;18;2018-04-30;2018-05-06;7.4;0.3;100.0;49.6
2018;19;2018-05-07;2018-05-13;7.8;0.4;100.0;53.1
2018;20;2018-05-14;2018-05-20;7.9;0.7;97.9;29.8
2018;21;2018-05-21;2018-05-27;8.7;0.4;100.0;64.4
2018;22;2018-05-28;2018-06-03;9.5;0.4;100.0;55.7
2018;23;2018-06-04;2018-06-10;10.2;0.4;100.0;83.9
2018;24;2018-06-11;2018-06-17;10.8;0.7;100.0;86.9
2018;25;2018-06-18;2018-06-24;12.0;0.9;100.0;81.5
2018;26;2018-06-25;2018-07-01;12.7;0.6;100.0;65.9
2018;27;2018-07-02;2018-07-08;15.3;0.7;100.0;61.8
2018;28;2018-07-09;2018-07-15;16.2;0.7;100.0;83.9
2018;29;2018-07-16;2018-07-22;15.7;1.0;100.0;72.6
2018;30;2018-07-23;2018-07-29;17.8;0.9;100.0;62.0
2018;31;2018-07-30;2018-08-05;18.9;1.0;100.0;67.6
2018;32;2018-08-06;2018-08-12;20.3;0.6;100.0;80.8
2018;33;2018-08-13;2018-08-19;20.3;1.9;100.0;70.6
2018;34;2018-08-20;2018-08-26;18.6;1.7;100.0;65.8
2018;35;2018-08-27;2018-09-02;18.9;1.0;100.0;94.9
2018;36;2018-09-03;2018-09-09;19.6;0.7;100.0;61.1
2018;37;2018-09-10;2018-09-16;17.7;1.4;100.0;69.6
2018;38;2018-09-17;2018-09-23;17.0;0.8;100.0;66.4
2018;39;2018-09-24;2018-09-30;16.4;0.6;100.0;79.3
2018;40;2018-10-01;2018-10-07;16.0;0.5;100.0;52.4
2018;41;2018-10-08;2018-10-14;15.4;0.6;100.0;59.1
2018;42;2018-10-15;2018-10-21;14.2;0.2;100.0;92.4
2018;43;2018-10-22;2018-10-28;13.0;0.4;96.2;33.6
2018;44;2018-10-29;2018-11-04;12.3;0.4;100.0;71.3
2018;45;2018-11-05;2018-11-11;12.1;0.4;100.0;62.7
2018;46;2018-11-12;2018-11-18;11.2;0.5;98.4;29.3
2018;47;2018-11-19;2018-11-25;10.1;0.4;100.0;41.6
2018;48;2018-11-26;2018-12-02;9.3;0.7;99.6;44.4
2018;49;2018-12-03;2018-12-09;8.8;0.2;99.7;30.2
2018;50;2018-12-10;2018-12-16;7.8;0.6;100.0;31.5
2018;51;2018-12-17;2018-12-23;7.8;0.6;100.0;27.0
2018;52;2018-12-24;2018-12-30;7.5;0.4;100.0;57.0
2019;01;2019-01-01;2019-01-07;7.2;0.5;99.9;44.0
2019;02;2019-01-08;2019-01-14;6.4;0.7;73.7;14.8
2019;03;2019-01-15;2019-01-21;5.2;0.9;100.0;32.2
2019;04;2019-01-22;2019-01-28;5.8;0.4;100.0;57.4
2019;05;2019-01-29;2019-02-04;5.1;0.9;100.0;40.9
2019;06;2019-02-05;2019-02-11;4.7;1.1;100.0;54.7
2019;07;2019-02-12;2019-02-18;4.0;0.8;98.7;33.7
2019;08;2019-02-19;2019-02-25;4.1;0.7;100.0;47.7
2019;09;2019-02-26;2019-03-04;3.9;0.5;99.3;32.6
2019;10;2019-03-05;2019-03-11;3.4;0.5;100.0;66.4
2019;11;2019-03-12;2019-03-18;3.6;0.6;100.0;90.4
2019;12;2019-03-19;2019-03-25;3.6;0.7;100.0;91.3
2019;13;2019-03-26;2019-04-01;3.8;0.7;100.0;86.7
2019;14;2019-04-02;2019-04-08;4.0;0.7;100.0;59.2
2019;15;2019-04-09;2019-04-15;4.3;0.7;100.0;39.5
2019;16;2019-04-16;2019-04-22;5.1;0.6;100.0;65.3
2019;17;2019-04-23;2019-04-29;5.6;0.5;100.0;57.4
2019;18;2019-04-30;2019-05-06;6.3;0.6;100.0;22.4
2019;19;2019-05-07;2019-05-13;6.2;0.8;100.0;80.2
2019;20;2019-05-14;2019-05-20;6.3;0.6;100.0;48.4
2019;21;2019-05-21;2019-05-27;7.3;0.4;100.0;67.9
2019;22;2019-05-28;2019-06-03;8.3;0.5;100.0;28.3
2019;23;2019-06-04;2019-06-10;9.0;0.5;100.0;68.0
2019;24;2019-06-11;2019-06-17;10.0;0.6;100.0;59.9
2019;25;2019-06-18;2019-06-24;11.2;0.6;100.0;64.7
2019;26;2019-06-25;2019-07-01;13.2;0.6;100.0;50.2
2019;27;2019-07-02;2019-07-08;13.8;0.8;100.0;81.2
2019;28;2019-07-09;2019-07-15;14.2;1.0;100.0;80.4
2019;29;2019-07-16;2019-07-22;15.7;0.7;100.0;73.6
2019;30;2019-07-23;2019-07-29;17.1;0.7;100.0;76.2
2019;31;2019-07-30;2019-08-05;18.2;1.0;100.0;89.5
2019;32;2019-08-06;2019-08-12;17.3;1.1;100.0;99.5
2019;33;2019-08-13;2019-08-19;18.2;0.7;100.0;67.5
2019;34;2019-08-20;2019-08-26;18.5;0.7;100.0;92.6
2019;35;2019-08-27;2019-09-02;18.0;1.0;100.0;96.5
2019;36;2019-09-03;2019-09-09;16.6;0.7;100.0;64.7
2019;37;2019-09-10;2019-09-16;15.5;0.2;100.0;97.7
2019;38;2019-09-17;2019-09-23;15.8;0.4;100.0;88.2
2019;39;2019-09-24;2019-09-30;15.9;0.2;100.0;100.0
2019;40;2019-10-01;2019-10-07;14.7;0.4;100.0;65.1
2019;41;2019-10-08;2019-10-14;14.4;0.4;75.2;15.0
2019;42;2019-10-15;2019-10-21;13.7;0.4;100.0;67.8
2019;43;2019-10-22;2019-10-28;13.8;0.8;100.0;59.7
2019;44;2019-10-29;2019-11-04;12.7;0.5;100.0;85.3
2019;45;2019-11-05;2019-11-11;12.2;0.2;100.0;78.3
2019;46;2019-11-12;2019-11-18;11.7;0.2;99.9;33.0
2019;47;2019-11-19;2019-11-25;10.9;0.4;100.0;68.7
2019;48;2019-11-26;2019-12-02;10.4;0.4;100.0;45.0
2019;49;2019-12-03;2019-12-09;9.4;0.3;100.0;55.2
2019;50;2019-12-10;2019-12-16;9.0;0.3;93.2;31.5
2019;51;2019-12-17;2019-12-23;8.6;0.3;100.0;25.3
2019;52;2019-12-24;2019-12-30;8.0;0.2;100.0;67.8
2020;01;2020-01-01;2020-01-07;7.6;0.3;99.9;36.7
2020;02;2020-01-08;2020-01-14;7.2;0.3;100.0;40.0
2020;03;2020-01-15;2020-01-21;7.4;0.4;100.0;25.4
2020;04;2020-01-22;2020-01-28;6.4;0.4;100.0;78.9
2020;05;2020-01-29;2020-02-04;6.5;0.3;100.0;46.7
2020;06;2020-02-05;2020-02-11;6.4;0.2;100.0;42.3
2020;07;2020-02-12;2020-02-18;6.0;0.3;100.0;52.2
2020;08;2020-02-19;2020-02-25;5.7;0.6;100.0;74.7
2020;09;2020-02-26;2020-03-03;5.5;0.5;100.0;53.4
2020;10;2020-03-04;2020-03-10;5.4;0.5;100.0;85.7
2020;11;2020-03-11;2020-03-17;5.2;0.4;100.0;96.4
2020;12;2020-03-18;2020-03-24;5.3;0.6;100.0;56.1
2020;13;2020-03-25;2020-03-31;5.2;0.7;100.0;47.0
2020;14;2020-04-01;2020-04-07;4.6;0.5;100.0;47.6
2020;15;2020-04-08;2020-04-14;5.4;0.4;100.0;95.1
2020;16;2020-04-15;2020-04-21;5.9;0.4;100.0;70.8
2020;17;2020-04-22;2020-04-28;6.1;0.4;100.0;62.6
2020;18;2020-04-29;2020-05-05;6.2;0.3;100.0;77.2
2020;19;2020-05-06;2020-05-12;6.4;0.4;100.0;72.2
2020;20;2020-05-13;2020-05-19;6.9;0.3;100.0;98.3
2020;21;2020-05-20;2020-05-26;7.6;0.3;100.0;90.9
2020;22;2020-05-27;2020-06-02;8.5;0.3;100.0;50.3
2020;23;2020-06-03;2020-06-09;9.2;0.4;100.0;63.0
2020;24;2020-06-10;2020-06-16;10.1;0.5;100.0;33.1
2020;25;2020-06-17;2020-06-23;13.1;0.6;100.0;55.0
2020;26;2020-06-24;2020-06-30;14.1;1.7;100.0;44.3
2020;27;2020-07-01;2020-07-07;15.7;3.2;100.0;71.9
2020;28;2020-07-08;2020-07-14;16.3;3.6;99.9;55.7
2020;29;2020-07-15;2020-07-21;17.2;1.5;100.0;73.7
2020;30;2020-07-22;2020-07-28;17.7;0.9;100.0;74.1
2020;31;2020-07-29;2020-08-04;18.5;0.7;100.0;74.2
2020;32;2020-08-05;2020-08-11;19.1;0.9;100.0;69.0
2020;33;2020-08-12;2020-08-18;19.6;0.5;100.0;73.9
2020;34;2020-08-19;2020-08-25;17.5;0.8;100.0;75.0
2020;35;2020-08-26;2020-09-01;17.1;0.3;100.0;99.0
2020;36;2020-09-02;2020-09-08;17.7;0.4;100.0;86.4
2020;37;2020-09-09;2020-09-15;18.2;0.4;100.0;73.7
2020;38;2020-09-16;2020-09-22;15.6;0.4;100.0;83.1
2020;39;2020-09-23;2020-09-29;14.3;0.4;100.0;87.3
2020;40;2020-09-30;2020-10-06;15.3;0.5;100.0;73.3
2020;41;2020-10-07;2020-10-13;14.5;0.3;100.0;90.6
2020;42;2020-10-14;2020-10-20;14.4;0.2;100.0;84.3
2020;43;2020-10-21;2020-10-27;13.9;0.3;100.0;53.3
2020;44;2020-10-28;2020-11-03;12.7;0.3;100.0;39.2
2020;45;2020-11-04;2020-11-10;12.5;0.2;100.0;99.6
2020;46;2020-11-11;2020-11-17;12.3;0.4;100.0;63.7
2020;47;2020-11-18;2020-11-24;11.6;0.5;100.0;48.3
2020;48;2020-11-25;2020-12-01;11.2;0.6;100.0;37.6
2020;49;2020-12-02;2020-12-08;11.0;0.5;100.0;36.1
2020;50;2020-12-09;2020-12-15;10.5;0.5;100.0;40.3
2020;51;2020-12-16;2020-12-22;9.7;0.4;82.4;16.2
2020;52;2020-12-23;2020-12-29;9.4;0.3;100.0;56.4
2021;01;2021-01-01;2021-01-07;9.2;0.4;99.8;14.3
2021;02;2021-01-08;2021-01-14;8.4;0.6;98.8;26.7
2021;03;2021-01-15;2021-01-21;8.3;0.4;96.7;51.3
2021;04;2021-01-22;2021-01-28;7.4;0.4;100.0;31.2
2021;05;2021-01-29;2021-02-04;7.4;0.6;71.0;14.5
2021;06;2021-02-05;2021-02-11;7.0;0.4;100.0;31.1
2021;07;2021-02-12;2021-02-18;6.6;0.4;91.6;16.6
2021;08;2021-02-19;2021-02-25;5.9;0.4;100.0;45.9
2021;09;2021-02-26;2021-03-04;5.6;0.3;100.0;72.9
2021;10;2021-03-05;2021-03-11;4.9;0.6;100.0;49.9
2021;11;2021-03-12;2021-03-18;4.9;0.5;100.0;62.5
2021;12;2021-03-19;2021-03-25;5.1;0.5;100.0;84.3
2021;13;2021-03-26;2021-04-01;5.4;0.3;100.0;73.3
2021;14;2021-04-02;2021-04-08;4.8;1.0;100.0;38.3
2021;15;2021-04-09;2021-04-15;5.2;0.8;100.0;86.7
2021;16;2021-04-16;2021-04-22;6.1;0.4;100.0;79.6
2021;17;2021-04-23;2021-04-29;6.7;0.4;100.0;86.8
2021;18;2021-04-30;2021-05-06;7.1;0.3;100.0;63.6
2021;19;2021-05-07;2021-05-13;7.4;0.2;100.0;65.2
2021;20;2021-05-14;2021-05-20;8.9;0.4;100.0;99.9
2021;21;2021-05-21;2021-05-27;8.9;0.4;100.0;80.9
2021;22;2021-05-28;2021-06-03;9.2;0.5;100.0;48.6
2021;23;2021-06-04;2021-06-10;11.6;0.4;100.0;50.1
2021;24;2021-06-11;2021-06-17;11.9;0.6;100.0;79.9
2021;25;2021-06-18;2021-06-24;14.0;0.9;100.0;88.4
2021;26;2021-06-25;2021-07-01;16.1;1.2;100.0;73.2
2021;27;2021-07-02;2021-07-08;15.6;0.4;100.0;67.1
2021;28;2021-07-09;2021-07-15;16.4;0.6;100.0;56.0
2021;29;2021-07-16;2021-07-22;17.5;0.8;100.0;74.3
2021;30;2021-07-23;2021-07-29;16.3;1.0;100.0;77.4
2021;31;2021-07-30;2021-08-05;16.9;0.8;100.0;75.3
2021;32;2021-08-06;2021-08-12;19.0;0.8;100.0;67.3
2021;33;2021-08-13;2021-08-19;19.8;0.6;100.0;94.2
2021;34;2021-08-20;2021-08-26;19.4;1.0;100.0;93.0
2021;35;2021-08-27;2021-09-02;19.1;0.9;100.0;78.5
2021;36;2021-09-03;2021-09-09;17.7;0.5;100.0;85.4
2021;37;2021-09-10;2021-09-16;17.4;0.5;100.0;94.8
2021;38;2021-09-17;2021-09-23;17.8;0.6;100.0;77.7
2021;39;2021-09-24;2021-09-30;17.9;0.5;100.0;83.9
2021;40;2021-10-01;2021-10-07;17.2;0.5;100.0;80.3
2021;41;2021-10-08;2021-10-14;16.3;0.6;100.0;96.8
2021;42;2021-10-15;2021-10-21;16.0;0.5;100.0;97.3
2021;43;2021-10-22;2021-10-28;15.1;0.5;100.0;48.9
2021;44;2021-10-29;2021-11-04;13.9;1.1;100.0;66.1
2021;45;2021-11-05;2021-11-11;12.8;1.5;100.0;74.6
2021;46;2021-11-12;2021-11-18;12.1;0.7;100.0;70.6
2021;47;2021-11-19;2021-11-25;11.4;0.2;100.0;62.9
2021;48;2021-11-26;2021-12-02;11.0;0.3;100.0;47.3
2021;49;2021-12-03;2021-12-09;10.6;0.4;100.0;54.1
2021;50;2021-12-10;2021-12-16;10.3;0.3;100.0;51.9
2021;51;2021-12-17;2021-12-23;10.2;0.4;100.0;43.7
2021;52;2021-12-24;2021-12-30;8.4;0.5;17.5;2.6
2022;01;2022-01-01;2022-01-07;8.9;0.4;100.0;31.7
2022;02;2022-01-08;2022-01-14;8.5;0.2;97.6;32.3
2022;03;2022-01-15;2022-01-21;7.6;0.4;100.0;49.5
2022;04;2022-01-22;2022-01-28;6.9;0.7;79.8;16.8
2022;05;2022-01-29;2022-02-04;6.8;0.4;100.0;28.4
2022;06;2022-02-05;2022-02-11;7.0;0.3;100.0;45.6
2022;07;2022-02-12;2022-02-18;6.6;0.5;100.0;48.4
2022;08;2022-02-19;2022-02-25;6.5;0.6;100.0;48.6
2022;09;2022-02-26;2022-03-04;5.9;0.6;99.8;41.6
2022;10;2022-03-05;2022-03-11;5.9;0.4;100.0;59.4
2022;11;2022-03-12;2022-03-18;6.3;0.3;100.0;63.6
2022;12;2022-03-19;2022-03-25;6.1;0.4;100.0;54.6
2022;13;2022-03-26;2022-04-01;6.5;0.3;100.0;56.9
2022;14;2022-04-02;2022-04-08;6.1;0.3;100.0;85.1
2022;15;2022-04-09;2022-04-15;6.5;0.3;100.0;62.0
2022;16;2022-04-16;2022-04-22;7.0;0.2;100.0;87.7
2022;17;2022-04-23;2022-04-29;7.4;0.2;100.0;75.1
2022;18;2022-04-30;2022-05-06;7.4;0.3;100.0;64.4
2022;19;2022-05-07;2022-05-13;8.6;0.8;96.5;32.8
2022;20;2022-05-14;2022-05-20;9.8;1.8;100.0;60.0
2022;21;2022-05-21;2022-05-27;9.9;1.4;100.0;77.6
2022;22;2022-05-28;2022-06-03;10.5;0.5;100.0;63.8
2022;23;2022-06-04;2022-06-10;11.5;0.4;100.0;53.8
2022;24;2022-06-11;2022-06-17;12.1;0.7;100.0;72.9
2022;25;2022-06-18;2022-06-24;12.2;0.6;100.0;79.5
2022;26;2022-06-25;2022-07-01;14.0;0.6;100.0;94.8
2022;27;2022-07-02;2022-07-08;15.1;0.6;100.0;71.4
2022;28;2022-07-09;2022-07-15;16.8;0.5;100.0;80.3
2022;29;2022-07-16;2022-07-22;17.2;0.9;100.0;71.2
2022;30;2022-07-23;2022-07-29;19.0;0.6;100.0;82.9
2022;31;2022-07-30;2022-08-05;19.8;0.4;100.0;83.6
2022;32;2022-08-06;2022-08-12;20.3;0.5;100.0;66.7
2022;33;2022-08-13;2022-08-19;18.9;0.5;100.0;80.3
2022;34;2022-08-20;2022-08-26;18.3;0.5;100.0;64.0
2022;35;2022-08-27;2022-09-02;19.0;0.5;100.0;94.4
2022;36;2022-09-03;2022-09-09;19.1;0.5;100.0;83.3
2022;37;2022-09-10;2022-09-16;18.3;0.6;100.0;83.2
2022;38;2022-09-17;2022-09-23;17.5;0.4;100.0;64.0
2022;39;2022-09-24;2022-09-30;16.1;0.3;100.0;58.1
2022;40;2022-10-01;2022-10-07;15.8;0.6;91.6;24.1
2022;41;2022-10-08;2022-10-14;15.2;0.4;100.0;89.0
2022;42;2022-10-15;2022-10-21;15.7;0.3;100.0;73.7
2022;43;2022-10-22;2022-10-28;15.7;0.3;100.0;77.9
2022;44;2022-10-29;2022-11-04;14.9;0.6;100.0;96.9
2022;45;2022-11-05;2022-11-11;14.5;0.3;100.0;100.0
2022;46;2022-11-12;2022-11-18;13.7;0.4;100.0;31.1
2022;47;2022-11-19;2022-11-25;12.7;0.6;100.0;69.2
2022;48;2022-11-26;2022-12-02;12.1;0.9;100.0;48.2
2022;49;2022-12-03;2022-12-09;11.2;0.6;100.0;48.9
2022;50;2022-12-10;2022-12-16;9.9;0.5;58.0;8.3
2022;51;2022-12-17;2022-12-23;9.5;0.7;91.0;33.7
2022;52;2022-12-24;2022-12-30;9.2;0.2;100.0;31.9
2023;01;2023-01-01;2023-01-07;8.9;0.2;100.0;53.0
2023;02;2023-01-08;2023-01-14;8.3;0.2;100.0;28.4
2023;03;2023-01-15;2023-01-21;8.6;0.3;99.2;29.9
2023;04;2023-01-22;2023-01-28;8.1;0.4;100.0;39.1
2023;05;2023-01-29;2023-02-04;8.1;0.3;100.0;41.4
2023;06;2023-02-05;2023-02-11;7.5;0.3;100.0;52.3
2023;07;2023-02-12;2023-02-18;6.8;0.4;100.0;46.2
2023;08;2023-02-19;2023-02-25;6.5;0.6;100.0;29.2
2023;09;2023-02-26;2023-03-04;6.8;0.3;82.4;17.3
2023;10;2023-03-05;2023-03-11;6.6;0.2;100.0;53.4
2023;11;2023-03-12;2023-03-18;6.4;0.3;100.0;46.2
2023;12;2023-03-19;2023-03-25;6.4;0.2;100.0;84.8
2023;13;2023-03-26;2023-04-01;6.5;0.2;100.0;71.8
2023;14;2023-04-02;2023-04-08;6.3;0.4;100.0;53.8
2023;15;2023-04-09;2023-04-15;6.7;0.5;100.0;98.5
2023;16;2023-04-16;2023-04-22;7.2;0.3;100.0;72.7
2023;17;2023-04-23;2023-04-29;7.2;0.5;100.0;58.0
2023;18;2023-04-30;2023-05-06;7.9;0.3;100.0;57.0
2023;19;2023-05-07;2023-05-13;8.2;0.4;100.0;99.8
2023;20;2023-05-14;2023-05-20;8.5;0.5;100.0;94.9
2023;21;2023-05-21;2023-05-27;8.8;0.6;100.0;75.5
2023;22;2023-05-28;2023-06-03;10.7;0.3;100.0;85.4
2023;23;2023-06-04;2023-06-10;10.1;0.4;100.0;59.0
2023;24;2023-06-11;2023-06-17;11.2;0.6;100.0;89.3
2023;25;2023-06-18;2023-06-24;12.0;0.6;100.0;79.2
2023;26;2023-06-25;2023-07-01;15.0;0.5;100.0;45.2
2023;27;2023-07-02;2023-07-08;15.6;0.7;100.0;42.1
2023;28;2023-07-09;2023-07-15;17.2;0.8;100.0;76.5
2023;29;2023-07-16;2023-07-22;18.5;1.0;100.0;66.5
2023;30;2023-07-23;2023-07-29;19.6;0.8;100.0;86.9
2023;31;2023-07-30;2023-08-05;18.1;0.8;100.0;100.0
2023;32;2023-08-06;2023-08-12;17.7;0.9;100.0;90.9
2023;33;2023-08-13;2023-08-19;18.4;0.6;100.0;52.3
2023;34;2023-08-20;2023-08-26;17.8;0.3;100.0;82.9
2023;35;2023-08-27;2023-09-02;17.2;0.5;100.0;51.7
2023;36;2023-09-03;2023-09-09;16.8;0.4;100.0;78.3
2023;37;2023-09-10;2023-09-16;18.4;0.3;100.0;46.8
2023;38;2023-09-17;2023-09-23;14.5;0.3;100.0;95.0
2023;39;2023-09-24;2023-09-30;14.2;0.4;100.0;57.2
2023;40;2023-10-01;2023-10-07;14.6;0.4;100.0;72.5
2023;41;2023-10-08;2023-10-14;14.6;0.2;100.0;98.7
2023;42;2023-10-15;2023-10-21;14.4;0.4;100.0;76.8
2023;43;2023-10-22;2023-10-28;13.8;0.3;100.0;93.4
2023;44;2023-10-29;2023-11-04;12.7;0.2;100.0;46.3
2023;45;2023-11-05;2023-11-11;12.2;0.2;100.0;64.6
2023;46;2023-11-12;2023-11-18;10.9;0.3;100.0;38.4
2023;47;2023-11-19;2023-11-25;10.3;0.2;100.0;53.2
2023;48;2023-11-26;2023-12-02;9.4;0.4;100.0;74.8
2023;49;2023-12-03;2023-12-09;8.6;0.5;100.0;45.2
2023;50;2023-12-10;2023-12-16;8.6;0.4;100.0;72.8
2023;51;2023-12-17;2023-12-23;8.0;0.5;100.0;38.8
2023;52;2023-12-24;2023-12-30;7.3;0.6;100.0;60.1
2024;01;2024-01-01;2024-01-07;6.9;0.8;100.0;21.5
2024;02;2024-01-08;2024-01-14;7.1;0.3;100.0;78.0
2024;03;2024-01-15;2024-01-21;7.2;0.4;83.5;14.5
2024;04;2024-01-22;2024-01-28;5.5;0.8;100.0;24.9
2024;05;2024-01-29;2024-02-04;4.4;1.2;0.2;0.0
2024;06;2024-02-05;2024-02-11;4.9;0.7;100.0;41.2
2024;07;2024-02-12;2024-02-18;5.2;0.3;100.0;47.2
2024;08;2024-02-19;2024-02-25;4.3;0.5;100.0;52.9
2024;09;2024-02-26;2024-03-03;4.2;0.6;100.0;61.7
2024;10;2024-03-04;2024-03-10;5.0;1.0;61.4;13.0
2024;11;2024-03-11;2024-03-17;4.3;0.5;100.0;71.2
2024;12;2024-03-18;2024-03-24;4.5;0.5;100.0;70.1
2024;13;2024-03-25;2024-03-31;4.5;0.5;100.0;24.0
2024;14;2024-04-01;2024-04-07;4.5;0.3;100.0;58.8
2024;15;2024-04-08;2024-04-14;5.1;0.3;100.0;71.4
2024;16;2024-04-15;2024-04-21;5.9;0.2;100.0;73.4
2024;17;2024-04-22;2024-04-28;6.0;0.3;100.0;100.0
2024;18;2024-04-29;2024-05-05;6.4;0.4;100.0;84.8
2024;19;2024-05-06;2024-05-12;7.2;0.3;100.0;62.1
2024;20;2024-05-13;2024-05-19;7.4;0.4;100.0;49.2
2024;21;2024-05-20;2024-05-26;8.8;0.7;100.0;86.7
2024;22;2024-05-27;2024-06-02;10.1;1.0;100.0;96.1
2024;23;2024-06-03;2024-06-09;10.9;0.9;100.0;73.1
2024;24;2024-06-10;2024-06-16;13.0;1.0;100.0;87.3
2024;25;2024-06-17;2024-06-23;15.2;0.6;100.0;71.6
2024;26;2024-06-24;2024-06-30;13.8;0.4;100.0;53.9
2024;27;2024-07-01;2024-07-07;15.5;0.5;100.0;81.2
2024;28;2024-07-08;2024-07-14;18.0;0.8;100.0;44.4
2024;29;2024-07-15;2024-07-21;19.2;0.5;100.0;80.3
2024;30;2024-07-22;2024-07-28;17.3;0.6;100.0;54.5
2024;31;2024-07-29;2024-08-04;17.7;0.8;100.0;88.0
2024;32;2024-08-05;2024-08-11;18.3;0.7;100.0;50.7
2024;33;2024-08-12;2024-08-18;18.9;0.4;100.0;88.2
2024;34;2024-08-19;2024-08-25;18.6;0.7;100.0;92.4
2024;35;2024-08-26;2024-09-01;18.0;0.4;100.0;87.4
2024;36;2024-09-02;2024-09-08;17.0;0.6;100.0;48.0
2024;37;2024-09-09;2024-09-15;16.3;0.6;100.0;96.9
2024;38;2024-09-16;2024-09-22;17.2;0.6;100.0;41.5
2024;39;2024-09-23;2024-09-29;14.9;0.8;100.0;77.7
2024;40;2024-09-30;2024-10-06;16.2;0.6;100.0;93.8
2024;41;2024-10-07;2024-10-13;15.7;0.2;100.0;88.3
2024;42;2024-10-14;2024-10-20;14.0;0.1;100.0;91.9
2024;43;2024-10-21;2024-10-27;13.5;0.3;100.0;84.0
2024;44;2024-10-28;2024-11-03;12.6;0.4;100.0;77.7
2024;45;2024-11-04;2024-11-10;12.4;0.3;100.0;85.0
2024;46;2024-11-11;2024-11-17;11.6;0.4;100.0;25.5
2024;47;2024-11-18;2024-11-24;9.7;0.3;100.0;44.4
2024;48;2024-11-25;2024-12-01;9.2;0.2;100.0;58.8
2024;49;2024-12-02;2024-12-08;8.6;0.3;100.0;53.2
2024;50;2024-12-09;2024-12-15;8.6;0.4;99.5;35.6
2024;51;2024-12-16;2024-12-22;7.9;0.5;100.0;52.0
2024;52;2024-12-23;2024-12-29;7.2;0.4;100.0;37.6
2025;01;2025-01-01;2025-01-07;7.7;0.4;100.0;32.4
2025;02;2025-01-08;2025-01-14;5.5;0.6;82.7;15.5
2025;03;2025-01-15;2025-01-21;4.7;0.7;91.7;17.9
2025;04;2025-01-22;2025-01-28;5.1;0.3;100.0;32.9
2025;05;2025-01-29;2025-02-04;4.9;0.4;95.5;35.1
2025;06;2025-02-05;2025-02-11;4.5;0.7;93.6;38.5
2025;07;2025-02-12;2025-02-18;4.2;0.6;77.3;14.0
2025;08;2025-02-19;2025-02-25;3.1;0.4;100.0;33.3
2025;09;2025-02-26;2025-03-04;3.3;0.4;100.0;76.9
2025;10;2025-03-05;2025-03-11;3.5;0.4;100.0;62.4
2025;11;2025-03-12;2025-03-18;3.3;0.5;100.0;64.2
2025;12;2025-03-19;2025-03-25;3.8;0.6;100.0;45.9
2025;13;2025-03-26;2025-04-01;4.3;0.5;100.0;49.7
2025;14;2025-04-02;2025-04-08;4.6;0.5;100.0;30.8
2025;15;2025-04-09;2025-04-15;4.8;0.5;100.0;73.0
2025;16;2025-04-16;2025-04-22;5.4;0.4;100.0;88.8
