Year,Wk,DateFirst,DateLast,T,SD,PercentWeeklyGrid,PercentDailyPixels
2000,8,2/19/2000,2/25/2000,-99,-99,0,0
2000,9,2/26/2000,3/3/2000,5.5,0.4,100,42.6
2000,10,3/4/2000,3/10/2000,5.2,0.3,100,35.3
2000,11,3/11/2000,3/17/2000,5.4,0.3,100,49.6
2000,12,3/18/2000,3/24/2000,5.3,0.5,100,23.2
2000,13,3/25/2000,3/31/2000,6,0.3,100,53.2
2000,14,4/1/2000,4/7/2000,6.1,0.2,100,51.8
2000,15,4/8/2000,4/14/2000,6.3,0.3,100,60.8
2000,16,4/15/2000,4/21/2000,6.9,0.3,100,20.4
2000,17,4/22/2000,4/28/2000,6.7,0.9,8.8,1.4
2000,18,4/29/2000,5/5/2000,7.1,0.1,100,66
2000,19,5/6/2000,5/12/2000,7.7,0.4,71.2,17
2000,20,5/13/2000,5/19/2000,8.2,0.2,100,61.7
2000,21,5/20/2000,5/26/2000,8.2,0.2,100,14.9
2000,22,5/27/2000,6/2/2000,9.2,0.3,100,53.2
2000,23,6/3/2000,6/9/2000,9.9,0.4,100,65.4
2000,24,6/10/2000,6/16/2000,10,0.6,99.8,30.6
2000,25,6/17/2000,6/23/2000,12.2,0.7,100,48.9
2000,26,6/24/2000,6/30/2000,13.9,0.7,97,31.1
2000,27,7/1/2000,7/7/2000,14,0.8,96.2,28.5
2000,28,7/8/2000,7/14/2000,14.2,0.8,100,62.7
2000,29,7/15/2000,7/21/2000,15.9,0.6,100,33.1
2000,30,7/22/2000,7/28/2000,15.9,1.1,64.4,9.8
2000,31,7/29/2000,8/4/2000,15.9,1,76.1,13.5
2000,32,8/5/2000,8/11/2000,-99,-99,0,0
2000,33,8/12/2000,8/18/2000,-99,-99,0,0
2000,34,8/19/2000,8/25/2000,16.5,0.6,100,62.7
2000,35,8/26/2000,9/1/2000,16.7,0.8,100,63.4
2000,36,9/2/2000,9/8/2000,16.1,0.6,100,43.9
2000,37,9/9/2000,9/15/2000,16.7,0.4,100,75.2
2000,38,9/16/2000,9/22/2000,16.3,0.6,100,57.1
2000,39,9/23/2000,9/29/2000,15.2,0.3,100,48.2
2000,40,9/30/2000,10/6/2000,14.6,0.3,100,42.5
2000,41,10/7/2000,10/13/2000,14.1,0.3,100,38.9
2000,42,10/14/2000,10/20/2000,13.3,0.2,100,60
2000,43,10/21/2000,10/27/2000,12.9,0.3,100,84
2000,44,10/28/2000,11/3/2000,11.8,0.5,67.7,10.1
2000,45,11/4/2000,11/10/2000,-99,-99,0,0
2000,46,11/11/2000,11/17/2000,11.5,0.3,8.2,1.2
2000,47,11/18/2000,11/24/2000,9.9,0.4,78.9,18.2
2000,48,11/25/2000,12/1/2000,9.2,0.3,99.6,35.3
2000,49,12/2/2000,12/8/2000,8.6,0.2,100,27.2
2000,50,12/9/2000,12/15/2000,7.8,0.5,93.2,15.6
2000,51,12/16/2000,12/22/2000,8.2,0.3,46.4,7.1
2000,52,12/23/2000,12/29/2000,7.4,0.4,27.7,4.5
2001,1,1/1/2001,1/7/2001,5.9,0.4,41.7,6.8
2001,2,1/8/2001,1/14/2001,6,0.3,7.1,1.1
2001,3,1/15/2001,1/21/2001,6,0.3,58,11.1
2001,4,1/22/2001,1/28/2001,5.9,0.5,100,22.8
2001,5,1/29/2001,2/4/2001,5.6,0.3,94.4,32.7
2001,6,2/5/2001,2/11/2001,5.7,0.4,72,14.5
2001,7,2/12/2001,2/18/2001,5.5,0.5,72.6,10.5
2001,8,2/19/2001,2/25/2001,4.8,0.5,68,10.8
2001,9,2/26/2001,3/4/2001,4.6,0.5,78.8,16.2
2001,10,3/5/2001,3/11/2001,4,0.5,80.7,16.6
2001,11,3/12/2001,3/18/2001,4.9,0.4,100,68.8
2001,12,3/19/2001,3/25/2001,4.6,0.4,99.9,39.8
2001,13,3/26/2001,4/1/2001,4.8,0.3,100,21.2
2001,14,4/2/2001,4/8/2001,5.2,0.3,100,57.1
2001,15,4/9/2001,4/15/2001,5.4,0.4,100,40.6
2001,16,4/16/2001,4/22/2001,5.4,0.3,100,73.5
2001,17,4/23/2001,4/29/2001,6,0.4,100,46.4
2001,18,4/30/2001,5/6/2001,6.6,0.6,100,58.5
2001,19,5/7/2001,5/13/2001,6.6,0.3,100,57.2
2001,20,5/14/2001,5/20/2001,6.5,0.4,99.1,31.8
2001,21,5/21/2001,5/27/2001,7.7,0.5,100,64
2001,22,5/28/2001,6/3/2001,8.1,0.6,100,47.2
2001,23,6/4/2001,6/10/2001,9.4,0.6,100,91.7
2001,24,6/11/2001,6/17/2001,11,1,93.6,26.9
2001,27,7/2/2001,7/8/2001,13.4,0.6,98.5,25.5
2001,28,7/9/2001,7/15/2001,14.8,0.7,100,48.9
2001,29,7/16/2001,7/22/2001,15.5,0.8,100,38.6
2001,30,7/23/2001,7/29/2001,15.3,0.8,100,56.4
2001,31,7/30/2001,8/5/2001,16,0.8,100,27.9
2001,32,8/6/2001,8/12/2001,17.4,0.7,93.3,19.2
2001,33,8/13/2001,8/19/2001,17.3,0.5,42.9,6.9
2001,34,8/20/2001,8/26/2001,16.9,0.7,100,38.4
2001,35,8/27/2001,9/2/2001,17.2,0.7,100,86.1
2001,36,9/3/2001,9/9/2001,16.9,0.7,100,65.9
2001,37,9/10/2001,9/16/2001,16.8,0.4,100,65.4
2001,38,9/17/2001,9/23/2001,15.9,0.7,100,49.2
2001,39,9/24/2001,9/30/2001,16.7,0.7,100,37
2001,40,10/1/2001,10/7/2001,15.6,0.4,100,86.4
2001,41,10/8/2001,10/14/2001,15.1,0.2,100,63
2001,42,10/15/2001,10/21/2001,14.2,0.4,100,43.2
2001,43,10/22/2001,10/28/2001,14.3,0.4,100,55.7
2001,44,10/29/2001,11/4/2001,12.9,0.5,100,54.5
2001,45,11/5/2001,11/11/2001,12.1,0.6,100,53.1
2001,46,11/12/2001,11/18/2001,10.9,0.6,100,72.2
2001,47,11/19/2001,11/25/2001,10.5,0.7,100,75.2
2001,48,11/26/2001,12/2/2001,10.6,0.6,100,19.5
2001,49,12/3/2001,12/9/2001,10.2,0.5,100,56.7
2001,50,12/10/2001,12/16/2001,9.1,0.6,100,23.2
2001,51,12/17/2001,12/23/2001,8.6,0.4,94.2,27.3
2001,52,12/24/2001,12/30/2001,7.8,0.5,94.4,20.1
2003,1,1/1/2003,1/7/2003,6.7,0.5,28.3,4.3
2003,2,1/8/2003,1/14/2003,6.7,0.3,27.2,4.2
2003,3,1/15/2003,1/21/2003,5.8,0.7,17.6,2.7
2003,4,1/22/2003,1/28/2003,4.8,0.4,39.5,5.6
2003,5,1/29/2003,2/4/2003,4.8,0.5,97.8,19
2003,6,2/5/2003,2/11/2003,5.4,0.4,97.3,15.3
2003,7,2/12/2003,2/18/2003,4,0.4,4.5,0.6
2003,8,2/19/2003,2/25/2003,3.9,0.4,100,31.9
2003,9,2/26/2003,3/4/2003,3.3,0.6,100,23.4
2003,10,3/5/2003,3/11/2003,3.2,0.4,99.9,39.6
2003,11,3/12/2003,3/18/2003,2.8,0.6,100,50.2
2003,12,3/19/2003,3/25/2003,2.7,0.9,100,43.8
2003,13,3/26/2003,4/1/2003,4,0.5,100,47.2
2003,14,4/2/2003,4/8/2003,3.4,0.3,36.7,5.3
2003,15,4/9/2003,4/15/2003,3.9,0.4,100,41
2003,16,4/16/2003,4/22/2003,4.6,0.2,100,76.4
2003,17,4/23/2003,4/29/2003,5.2,0.3,100,69.4
2003,18,4/30/2003,5/6/2003,5.5,0.5,100,50.8
2003,19,5/7/2003,5/13/2003,5.8,0.7,100,47.6
2003,20,5/14/2003,5/20/2003,6.4,0.3,100,65.1
2003,21,5/21/2003,5/27/2003,7.8,0.5,100,18.1
2003,22,5/28/2003,6/3/2003,7.7,0.4,100,55.8
2003,23,6/4/2003,6/10/2003,8.4,0.4,99.6,41.9
2003,24,6/11/2003,6/17/2003,8.6,0.7,100,44.4
2003,25,6/18/2003,6/24/2003,10.2,0.7,100,43
2003,26,6/25/2003,7/1/2003,12.5,0.8,100,45.3
2003,27,7/2/2003,7/8/2003,13.8,1.2,100,37.8
2003,28,7/9/2003,7/15/2003,14.9,1.3,95.4,22.3
2003,29,7/16/2003,7/22/2003,15.2,1.3,100,47.4
2003,30,7/23/2003,7/29/2003,16.2,0.9,100,55.2
2003,31,7/30/2003,8/5/2003,17.3,0.6,100,66
2003,32,8/6/2003,8/12/2003,18.3,1,100,34.3
2003,33,8/13/2003,8/19/2003,17.9,1.2,100,60.4
2003,34,8/20/2003,8/26/2003,18,0.8,100,69.3
2003,35,8/27/2003,9/2/2003,16.9,0.9,100,69.9
2003,36,9/3/2003,9/9/2003,16,0.7,100,64
2003,37,9/10/2003,9/16/2003,15.9,0.6,100,96.7
2003,38,9/17/2003,9/23/2003,16.8,0.6,100,41
2003,39,9/24/2003,9/30/2003,17.1,1,100,73.6
2003,40,10/1/2003,10/7/2003,15.4,0.6,100,82.1
2003,41,10/8/2003,10/14/2003,14.8,0.3,100,63.3
2003,42,10/15/2003,10/21/2003,13.8,0.3,100,47.8
2003,43,10/22/2003,10/28/2003,12.8,0.5,100,32.3
2003,44,10/29/2003,11/4/2003,13,0.5,100,52
2003,45,11/5/2003,11/11/2003,11.4,0.6,89.7,20.6
2003,46,11/12/2003,11/18/2003,10.5,0.5,100,32.7
2003,47,11/19/2003,11/25/2003,10.1,0.5,100,43.8
2003,48,11/26/2003,12/2/2003,9.7,0.6,99.1,40.9
2003,49,12/3/2003,12/9/2003,8.8,0.7,34.1,5.6
2003,50,12/10/2003,12/16/2003,8.2,0.4,97.6,20.4
2003,51,12/17/2003,12/23/2003,7.3,0.3,99.8,44.4
2003,52,12/24/2003,12/30/2003,7.4,0.2,100,51.9
2004,1,1/1/2004,1/7/2004,7,0.2,100,18.4
2004,2,1/8/2004,1/14/2004,6.4,0.3,2.6,0.4
2004,3,1/15/2004,1/21/2004,5.4,0.4,100,15.5
2004,4,1/22/2004,1/28/2004,4.6,0.4,17,2.5
2004,5,1/29/2004,2/4/2004,4.2,0.3,100,15.1
2004,6,2/5/2004,2/11/2004,3.7,0.4,98.7,31.1
2004,7,2/12/2004,2/18/2004,3.3,0.5,100,38.3
2004,8,2/19/2004,2/25/2004,3.8,0.4,100,16
2004,9,2/26/2004,3/3/2004,3.6,0.4,100,100
2004,10,3/4/2004,3/10/2004,3.6,0.3,100,25.5
2004,11,3/11/2004,3/17/2004,3.6,0.2,100,51.1
2004,12,3/18/2004,3/24/2004,3.5,0.3,100,56.3
2004,13,3/25/2004,3/31/2004,3.5,0.4,100,43.4
2004,14,4/1/2004,4/7/2004,3.2,0.6,100,21.5
2004,15,4/8/2004,4/14/2004,3.9,0.5,100,44.2
2004,16,4/15/2004,4/21/2004,4.3,0.4,100,71
2004,17,4/22/2004,4/28/2004,4.6,0.4,100,28.8
2004,18,4/29/2004,5/5/2004,5.4,0.3,100,72.5
2004,19,5/6/2004,5/12/2004,5.7,0.4,100,67.1
2004,20,5/13/2004,5/19/2004,6.9,0.4,100,30.7
2004,21,5/20/2004,5/26/2004,7.5,0.6,100,33.4
2004,22,5/27/2004,6/2/2004,8,0.5,100,45.4
2004,23,6/3/2004,6/9/2004,8,0.5,100,59.5
2004,24,6/10/2004,6/16/2004,8.9,0.6,100,67
2004,25,6/17/2004,6/23/2004,10.4,0.5,100,53.6
2004,26,6/24/2004,6/30/2004,12.1,0.7,100,52.4
2004,27,7/1/2004,7/7/2004,13.3,0.9,99.5,34.2
2004,28,7/8/2004,7/14/2004,13.1,1.1,99.6,39.1
2004,29,7/15/2004,7/21/2004,14.2,0.9,50.9,9.6
2004,30,7/22/2004,7/28/2004,16.1,1.3,84.3,21.6
2004,31,7/29/2004,8/4/2004,16,1.4,75,17.1
2004,32,8/5/2004,8/11/2004,14.7,0.8,100,77.4
2004,33,8/12/2004,8/18/2004,16.1,0.7,100,77.7
2004,34,8/19/2004,8/25/2004,16.5,0.7,100,60.7
2004,35,8/26/2004,9/1/2004,16.5,0.6,100,87.8
2004,36,9/2/2004,9/8/2004,15.7,0.6,100,98
2004,37,9/9/2004,9/15/2004,16,0.5,100,77.6
2004,38,9/16/2004,9/22/2004,14.2,0.4,100,43.6
2004,39,9/23/2004,9/29/2004,14.2,0.3,100,73
2004,40,9/30/2004,10/6/2004,13.8,0.6,100,74.8
2004,41,10/7/2004,10/13/2004,13.6,0.4,100,62.7
2004,42,10/14/2004,10/20/2004,12.5,0.3,100,57
2004,43,10/21/2004,10/27/2004,11.5,0.4,60.6,11.3
2004,44,10/28/2004,11/3/2004,10.8,0.3,100,51
2004,45,11/4/2004,11/10/2004,10.6,0.4,100,65
2004,46,11/11/2004,11/17/2004,9.6,0.3,100,34.7
2004,47,11/18/2004,11/24/2004,8.6,0.2,100,59.8
2004,48,11/25/2004,12/1/2004,8.6,0.3,100,66.7
2004,49,12/2/2004,12/8/2004,8.4,0.3,100,73.5
2004,50,12/9/2004,12/15/2004,8,0.4,100,31.7
2004,51,12/16/2004,12/22/2004,7.4,0.4,100,39
2004,52,12/23/2004,12/29/2004,7.2,0.5,100,24.8
2005,1,1/1/2005,1/7/2005,6.7,0.5,100,31.9
2005,2,1/8/2005,1/14/2005,5.7,0.5,86,23.9
2005,3,1/15/2005,1/21/2005,6.4,0.3,17.4,2.5
2005,4,1/22/2005,1/28/2005,4.8,0.1,3,0.4
2005,5,1/29/2005,2/4/2005,4.2,0.3,100,48.4
2005,6,2/5/2005,2/11/2005,4.7,0.1,100,82.1
2005,7,2/12/2005,2/18/2005,4.1,0.4,99.9,31.2
2005,8,2/19/2005,2/25/2005,3.9,0.6,19.1,2.9
2005,9,2/26/2005,3/4/2005,3.6,0.7,100,31.6
2005,10,3/5/2005,3/11/2005,2.8,0.3,100,48.4
2005,11,3/12/2005,3/18/2005,3.3,0.3,100,45.6
2005,12,3/19/2005,3/25/2005,3.3,0.2,100,83.5
2005,13,3/26/2005,4/1/2005,3.6,0.3,100,68.7
2005,14,4/2/2005,4/8/2005,4.1,0.2,100,56.5
2005,15,4/9/2005,4/15/2005,4.4,0.2,100,85.1
2005,16,4/16/2005,4/22/2005,4.9,0.2,100,95.1
2005,17,4/23/2005,4/29/2005,5.7,0.2,100,85.7
2005,18,4/30/2005,5/6/2005,5.8,0.2,100,65.4
2005,19,5/7/2005,5/13/2005,5.7,0.4,100,22.3
2005,20,5/14/2005,5/20/2005,6.4,0.4,100,24.2
2005,21,5/21/2005,5/27/2005,6.9,0.4,10.2,1.5
2005,22,5/28/2005,6/3/2005,6.9,0.4,100,61.7
2005,23,6/4/2005,6/10/2005,8.5,0.8,76.9,14.7
2005,24,6/11/2005,6/17/2005,9.9,0.5,65.9,10.1
2005,25,6/18/2005,6/24/2005,10.6,0.9,100,83.6
2005,26,6/25/2005,7/1/2005,11.1,1.1,96.2,17.4
2005,27,7/2/2005,7/8/2005,12.7,1.1,100,37.2
2005,28,7/9/2005,7/15/2005,13.1,1,100,66.5
2005,29,7/16/2005,7/22/2005,15.5,1.2,99.8,57
2005,30,7/23/2005,7/29/2005,14.4,1.1,100,62.1
2005,31,7/30/2005,8/5/2005,15.9,0.9,100,71.1
2005,32,8/6/2005,8/12/2005,17.1,0.8,100,50.1
2005,33,8/13/2005,8/19/2005,17.5,1,99.3,29.6
2005,34,8/20/2005,8/26/2005,16.3,0.8,100,59
2005,35,8/27/2005,9/2/2005,17.2,0.7,100,70.2
2005,36,9/3/2005,9/9/2005,17.6,0.9,100,99.9
2005,37,9/10/2005,9/16/2005,16.9,0.4,100,87.1
2005,38,9/17/2005,9/23/2005,15.8,0.5,100,65.7
2005,39,9/24/2005,9/30/2005,15.3,0.4,100,75.1
2005,40,10/1/2005,10/7/2005,16.1,0.3,100,98
2005,41,10/8/2005,10/14/2005,15.3,0.9,79.9,17.2
2005,42,10/15/2005,10/21/2005,13.7,0.3,100,70.2
2005,43,10/22/2005,10/28/2005,12.3,0.3,100,51.8
2005,44,10/29/2005,11/4/2005,11.5,0.5,100,69.4
2005,45,11/5/2005,11/11/2005,11,0.2,100,76
2005,46,11/12/2005,11/18/2005,10.4,0.3,100,69.1
2005,47,11/19/2005,11/25/2005,9.9,0.3,100,56.7
2005,48,11/26/2005,12/2/2005,9.5,0.4,100,35.6
2005,49,12/3/2005,12/9/2005,9,0.4,89,13
2005,50,12/10/2005,12/16/2005,8.4,0.3,99.9,29.9
2005,51,12/17/2005,12/23/2005,7.7,0.3,99.5,24.1
2005,52,12/24/2005,12/30/2005,7.2,0.2,100,46
2006,1,1/1/2006,1/7/2006,6.8,0.4,6.8,1
2006,2,1/8/2006,1/14/2006,6.9,0.2,100,73.6
2006,3,1/15/2006,1/21/2006,6.3,0.3,100,32.2
2006,4,1/22/2006,1/28/2006,5.9,0.2,100,53.1
2006,5,1/29/2006,2/4/2006,6.1,0.4,100,27.1
2006,6,2/5/2006,2/11/2006,5.7,0.3,93.9,18.5
2006,7,2/12/2006,2/18/2006,5.9,0.3,100,65.3
2006,8,2/19/2006,2/25/2006,4.7,0.6,90.6,29
2006,9,2/26/2006,3/4/2006,4.2,0.5,6.1,0.9
2006,10,3/5/2006,3/11/2006,4,0.5,100,53
2006,11,3/12/2006,3/18/2006,4.3,0.3,100,33.6
2006,12,3/19/2006,3/25/2006,2.8,0.8,100,25.1
2006,13,3/26/2006,4/1/2006,3.9,0.5,100,85.7
2006,14,4/2/2006,4/8/2006,4.9,0.3,100,67.4
2006,15,4/9/2006,4/15/2006,5.4,0.3,100,64
2006,16,4/16/2006,4/22/2006,5.2,0.3,100,41.1
2006,17,4/23/2006,4/29/2006,5.9,0.2,100,71
2006,18,4/30/2006,5/6/2006,6.3,0.7,64.8,9.9
2006,19,5/7/2006,5/13/2006,6.6,0.3,99.6,29.5
2006,20,5/14/2006,5/20/2006,7.4,0.3,100,43.9
2006,21,5/21/2006,5/27/2006,7.8,0.4,100,74.5
2006,22,5/28/2006,6/3/2006,9.3,0.4,100,42.2
2006,23,6/4/2006,6/10/2006,10.1,0.5,100,56.8
2006,24,6/11/2006,6/17/2006,10.3,0.4,100,55.4
2006,25,6/18/2006,6/24/2006,11.6,0.7,97.9,26.8
2006,26,6/25/2006,7/1/2006,14.2,0.8,100,69.5
2006,27,7/2/2006,7/8/2006,14.4,0.9,100,53.1
2006,28,7/9/2006,7/15/2006,15,0.7,100,44
2006,29,7/16/2006,7/22/2006,16.3,1.1,70.1,21.9
2006,30,7/23/2006,7/29/2006,16.6,0.5,98.1,47.4
2006,31,7/30/2006,8/5/2006,18,0.7,100,63
2006,32,8/6/2006,8/12/2006,17.7,0.5,100,86.9
2006,33,8/13/2006,8/19/2006,17.2,0.4,100,90.8
2006,34,8/20/2006,8/26/2006,17.2,0.5,100,68.9
2006,35,8/27/2006,9/2/2006,17,0.3,100,45
2006,36,9/3/2006,9/9/2006,16.8,0.5,100,52
2006,37,9/10/2006,9/16/2006,15.7,0.6,100,53.7
2006,38,9/17/2006,9/23/2006,16.2,0.6,100,75.9
2006,39,9/24/2006,9/30/2006,15.6,0.2,100,61.7
2006,40,10/1/2006,10/7/2006,15.3,0.2,100,79.7
2006,41,10/8/2006,10/14/2006,14.7,0.5,100,70.6
2006,42,10/15/2006,10/21/2006,14.3,0.5,100,71.1
2006,43,10/22/2006,10/28/2006,13.4,0.4,99.2,32.7
2006,44,10/29/2006,11/4/2006,12.3,0.4,100,69.6
2006,45,11/5/2006,11/11/2006,11.5,0.3,100,59
2006,46,11/12/2006,11/18/2006,12,0.4,100,37.4
2006,47,11/19/2006,11/25/2006,11.4,0.3,38.3,6.2
2006,48,11/26/2006,12/2/2006,10.9,0.2,100,60.9
2006,49,12/3/2006,12/9/2006,10.2,0.8,99,25
2006,50,12/10/2006,12/16/2006,9.8,0.3,100,71.9
2006,51,12/17/2006,12/23/2006,9.2,0.4,100,39.2
2006,52,12/24/2006,12/30/2006,8.6,0.3,100,45.7
2007,1,1/1/2007,1/7/2007,8.2,0.3,100,77.8
2007,2,1/8/2007,1/14/2007,7.9,0.3,99.6,38.4
2007,3,1/15/2007,1/21/2007,7.1,0.5,36.2,5.4
2007,4,1/22/2007,1/28/2007,6.2,0.8,99.9,20.4
2007,5,1/29/2007,2/4/2007,5.1,0.6,65.5,14.6
2007,6,2/5/2007,2/11/2007,4.2,0.7,47.6,8
2007,7,2/12/2007,2/18/2007,3.8,0.4,27.1,4
2007,8,2/19/2007,2/25/2007,4,0.5,100,17.3
2007,9,2/26/2007,3/4/2007,3.7,0.8,100,76
2007,10,3/5/2007,3/11/2007,3.6,0.7,100,36.9
2007,11,3/12/2007,3/18/2007,3.8,0.7,100,47.7
2007,12,3/19/2007,3/25/2007,4.4,0.2,100,70
2007,13,3/26/2007,4/1/2007,4.2,0.5,100,85.7
2007,14,4/2/2007,4/8/2007,3.4,0.7,100,44.4
2007,15,4/9/2007,4/15/2007,4.1,0.4,100,57.2
2007,16,4/16/2007,4/22/2007,4.5,0.7,100,43.1
2007,17,4/23/2007,4/29/2007,5.7,0.4,100,67
2007,18,4/30/2007,5/6/2007,5.6,0.7,100,83.9
2007,19,5/7/2007,5/13/2007,6.4,0.6,100,58.4
2007,20,5/14/2007,5/20/2007,7,0.6,100,49.1
2007,21,5/21/2007,5/27/2007,7.9,0.6,100,83.2
2007,22,5/28/2007,6/3/2007,9,0.4,100,67.6
2007,23,6/4/2007,6/10/2007,9.1,0.7,100,49.5
2007,24,6/11/2007,6/17/2007,8.6,0.3,100,26
2007,25,6/18/2007,6/24/2007,9.7,0.5,100,99
2007,26,6/25/2007,7/1/2007,11.4,0.6,100,60.8
2007,27,7/2/2007,7/8/2007,12.6,0.7,100,55.2
2007,28,7/9/2007,7/15/2007,14.3,0.7,100,45.9
2007,29,7/16/2007,7/22/2007,15.1,1.1,82.9,18.3
2007,30,7/23/2007,7/29/2007,16.8,0.8,100,67.5
2007,31,7/30/2007,8/5/2007,17.7,0.8,100,70.2
2007,32,8/6/2007,8/12/2007,16.4,0.6,100,69.4
2007,33,8/13/2007,8/19/2007,15.7,0.6,100,76.7
2007,34,8/20/2007,8/26/2007,15.7,0.5,100,77.6
2007,35,8/27/2007,9/2/2007,16.9,0.6,100,66
2007,36,9/3/2007,9/9/2007,16.2,0.5,100,98.3
2007,37,9/10/2007,9/16/2007,16.4,0.5,100,56.1
2007,38,9/17/2007,9/23/2007,15.6,0.5,100,37.9
2007,39,9/24/2007,9/30/2007,15.8,0.3,100,73.4
2007,40,10/1/2007,10/7/2007,14.4,0.5,100,52.5
2007,41,10/8/2007,10/14/2007,14.3,0.7,100,70.2
2007,42,10/15/2007,10/21/2007,13.7,0.7,100,55.6
2007,43,10/22/2007,10/28/2007,13.3,0.4,100,65
2007,44,10/29/2007,11/4/2007,11.7,0.4,100,71.3
2007,45,11/5/2007,11/11/2007,11.1,0.6,100,53.2
2007,46,11/12/2007,11/18/2007,9.9,0.3,100,62.5
2007,47,11/19/2007,11/25/2007,9.5,0.5,99.6,34.9
2007,48,11/26/2007,12/2/2007,9.1,0.4,100,59.1
2007,49,12/3/2007,12/9/2007,8.5,0.4,36.2,5.5
2007,50,12/10/2007,12/16/2007,7.7,0.3,76.4,11.9
2007,51,12/17/2007,12/23/2007,6.9,0.4,100,31.8
2007,52,12/24/2007,12/30/2007,6.8,0.2,100,57.9
2008,1,1/1/2008,1/7/2008,6.5,0.2,100,55.7
2008,2,1/8/2008,1/14/2008,6.5,0.2,100,80.5
2008,3,1/15/2008,1/21/2008,6.3,0.3,100,17.1
2008,4,1/22/2008,1/28/2008,5.9,0.3,90.4,18.7
2008,5,1/29/2008,2/4/2008,5.5,0.3,100,59.4
2008,6,2/5/2008,2/11/2008,5.4,0.3,100,37.3
2008,7,2/12/2008,2/18/2008,5.1,0.3,100,30.1
2008,8,2/19/2008,2/25/2008,5,0.3,100,31.4
2008,9,2/26/2008,3/3/2008,4.8,0.3,100,40.5
2008,10,3/4/2008,3/10/2008,5.1,0.3,100,45
2008,11,3/11/2008,3/17/2008,4.4,0.4,100,33.2
2008,12,3/18/2008,3/24/2008,3.8,0.5,100,74.7
2008,13,3/25/2008,3/31/2008,4,0.5,100,50.5
2008,14,4/1/2008,4/7/2008,4.3,0.4,100,55.9
2008,15,4/8/2008,4/14/2008,4.6,0.4,100,61.8
2008,16,4/15/2008,4/21/2008,5.2,0.4,100,84.9
2008,17,4/22/2008,4/28/2008,5.5,0.5,100,93.4
2008,18,4/29/2008,5/5/2008,6,0.4,100,62.7
2008,19,5/6/2008,5/12/2008,6,0.3,100,56
2008,20,5/13/2008,5/19/2008,6.1,0.6,100,61.1
2008,21,5/20/2008,5/26/2008,7.1,0.4,100,86.3
2008,22,5/27/2008,6/2/2008,8.3,0.4,100,76.3
2008,23,6/3/2008,6/9/2008,9.2,0.4,100,56.8
2008,24,6/10/2008,6/16/2008,11.4,0.7,100,92.9
2008,25,6/17/2008,6/23/2008,12.9,0.8,100,66.3
2008,26,6/24/2008,6/30/2008,14.3,1.1,100,38.8
2008,27,7/1/2008,7/7/2008,14.8,1.2,100,24.6
2008,28,7/8/2008,7/14/2008,16.1,0.7,100,52.9
2008,29,7/15/2008,7/21/2008,17.6,0.7,99.8,46.5
2008,30,7/22/2008,7/28/2008,18.3,0.9,100,50
2008,31,7/29/2008,8/4/2008,18.7,1.2,100,45
2008,32,8/5/2008,8/11/2008,16.3,0.8,100,55.7
2008,33,8/12/2008,8/18/2008,15.9,0.6,100,74.8
2008,34,8/19/2008,8/25/2008,16.8,0.5,100,98.9
2008,35,8/26/2008,9/1/2008,15.6,0.4,100,84.4
2008,36,9/2/2008,9/8/2008,15.2,0.3,100,69.7
2008,37,9/9/2008,9/15/2008,15.8,0.3,100,86
2008,38,9/16/2008,9/22/2008,15.5,0.5,100,79.6
2008,39,9/23/2008,9/29/2008,15,0.5,100,39.1
2008,40,9/30/2008,10/6/2008,14.4,0.3,100,73.1
2008,41,10/7/2008,10/13/2008,13.8,0.2,100,84.1
2008,42,10/14/2008,10/20/2008,13.2,0.3,100,48.6
2008,43,10/21/2008,10/27/2008,11.6,0.4,100,63.7
2008,44,10/28/2008,11/3/2008,11.6,0.4,100,79.1
2008,45,11/4/2008,11/10/2008,11.7,0.3,100,58.7
2008,46,11/11/2008,11/17/2008,11.1,0.3,99.5,26.1
2008,47,11/18/2008,11/24/2008,10.2,0.5,37.2,6.9
2008,48,11/25/2008,12/1/2008,9.1,0.4,100,51
2008,49,12/2/2008,12/8/2008,8.9,0.3,100,51.9
2008,50,12/9/2008,12/15/2008,8.3,0.4,100,44.7
2008,51,12/16/2008,12/22/2008,8.5,0.6,59.4,8.6
2008,52,12/23/2008,12/29/2008,8,0.3,99.8,39.9
2009,1,1/1/2009,1/7/2009,6.9,0.3,99.1,15.1
2009,2,1/8/2009,1/14/2009,6.2,0.2,70.1,12.9
2009,3,1/15/2009,1/21/2009,5.3,0.6,34.5,5.3
2009,4,1/22/2009,1/28/2009,5.4,0.5,93.7,20.8
2009,5,1/29/2009,2/4/2009,5.1,0.3,100,45.7
2009,6,2/5/2009,2/11/2009,4.8,0.3,99.2,25.3
2009,7,2/12/2009,2/18/2009,3.8,0.8,100,76.2
2009,8,2/19/2009,2/25/2009,4,0.6,87.9,20.2
2009,9,2/26/2009,3/4/2009,4,0.4,100,35
2009,10,3/5/2009,3/11/2009,4.5,0.3,100,67.2
2009,11,3/12/2009,3/18/2009,4.2,0.4,100,85.3
2009,12,3/19/2009,3/25/2009,3.9,0.5,100,60.6
2009,13,3/26/2009,4/1/2009,3.5,0.6,100,44.6
2009,14,4/2/2009,4/8/2009,4.6,0.3,100,72.4
2009,15,4/9/2009,4/15/2009,4.9,0.1,100,58.5
2009,16,4/16/2009,4/22/2009,5.2,0.3,100,69.2
2009,17,4/23/2009,4/29/2009,6.1,0.2,100,93
2009,18,4/30/2009,5/6/2009,6.3,0.3,100,25
2009,19,5/7/2009,5/13/2009,6.7,0.4,100,47.3
2009,20,5/14/2009,5/20/2009,7.4,0.3,100,49.5
2009,21,5/21/2009,5/27/2009,8.6,0.3,100,66.4
2009,22,5/28/2009,6/3/2009,8.5,0.4,100,52
2009,23,6/4/2009,6/10/2009,9.4,0.4,100,37.1
2009,24,6/11/2009,6/17/2009,10.5,0.5,100,30.7
2009,25,6/18/2009,6/24/2009,12.3,0.9,99.5,38.6
2009,26,6/25/2009,7/1/2009,12.5,1.1,100,49.8
2009,27,7/2/2009,7/8/2009,12.3,0.9,100,68.3
2009,28,7/9/2009,7/15/2009,13.6,1.1,100,88.4
2009,29,7/16/2009,7/22/2009,15.7,1.1,99.1,51.6
2009,30,7/23/2009,7/29/2009,15.6,0.9,100,48.6
2009,31,7/30/2009,8/5/2009,16.4,0.8,71.2,18.3
2009,32,8/6/2009,8/12/2009,17,0.5,100,47.2
2009,33,8/13/2009,8/19/2009,16.9,0.7,100,72.6
2009,34,8/20/2009,8/26/2009,17.5,0.8,100,46.9
2009,35,8/27/2009,9/2/2009,16.5,0.5,100,57.3
2009,36,9/3/2009,9/9/2009,16.7,0.4,100,68.1
2009,37,9/10/2009,9/16/2009,15.8,0.3,100,69.2
2009,38,9/17/2009,9/23/2009,15.2,0.4,100,81
2009,39,9/24/2009,9/30/2009,14.5,0.3,100,78.3
2009,40,10/1/2009,10/7/2009,14.4,0.2,100,66.8
2009,41,10/8/2009,10/14/2009,13.6,0.4,100,60
2009,42,10/15/2009,10/21/2009,12,0.4,100,31.7
2009,43,10/22/2009,10/28/2009,11.8,0.4,100,47.9
2009,44,10/29/2009,11/4/2009,11.5,0.3,100,47.7
2009,45,11/5/2009,11/11/2009,11,0.3,100,52.9
2009,46,11/12/2009,11/18/2009,11.2,0.3,100,58.6
2009,47,11/19/2009,11/25/2009,11.1,0.4,100,55.3
2009,48,11/26/2009,12/2/2009,11.1,0.6,100,42.7
2009,49,12/3/2009,12/9/2009,11.1,0.5,100,16.6
2009,50,12/10/2009,12/16/2009,10.3,0.6,100,24.3
2009,51,12/17/2009,12/23/2009,8.7,0.4,71.5,10.2
2009,52,12/24/2009,12/30/2009,8.1,0.3,100,28
2010,1,1/1/2010,1/7/2010,7,0.5,55.8,9.4
2010,2,1/8/2010,1/14/2010,5.5,0.1,0.2,0
2010,3,1/15/2010,1/21/2010,5.8,0.6,100,29.1
2010,4,1/22/2010,1/28/2010,5.9,0.4,100,59.2
2010,5,1/29/2010,2/4/2010,5.8,0.3,17.4,2.6
2010,6,2/5/2010,2/11/2010,4.3,0.7,74,10.6
2010,7,2/12/2010,2/18/2010,4.1,0.6,96.7,26.8
2010,8,2/19/2010,2/25/2010,4.2,0.4,100,44.9
2010,9,2/26/2010,3/4/2010,3.9,0.5,81.1,11.6
2010,10,3/5/2010,3/11/2010,5.3,0.3,100,85.7
2010,11,3/12/2010,3/18/2010,5.3,0.3,100,57.1
2010,12,3/19/2010,3/25/2010,5.7,0.3,100,77.9
2010,13,3/26/2010,4/1/2010,5.1,0.6,100,38.9
2010,14,4/2/2010,4/8/2010,5.8,0.4,100,57.8
2010,15,4/9/2010,4/15/2010,5.5,0.4,100,85
2010,16,4/16/2010,4/22/2010,5.7,0.3,100,71.5
2010,17,4/23/2010,4/29/2010,6.1,0.4,100,69.4
2010,18,4/30/2010,5/6/2010,7.1,0.2,100,84.7
2010,19,5/7/2010,5/13/2010,7.1,0.3,100,92.1
2010,20,5/14/2010,5/20/2010,7.6,0.3,100,71.1
2010,21,5/21/2010,5/27/2010,8.7,0.5,100,78.5
2010,22,5/28/2010,6/3/2010,9.4,0.6,100,70.7
2010,23,6/4/2010,6/10/2010,11,0.6,100,51.6
2010,24,6/11/2010,6/17/2010,11.6,0.7,100,59.4
2010,25,6/18/2010,6/24/2010,13.1,0.9,100,52.4
2010,26,6/25/2010,7/1/2010,13.7,0.9,100,45.9
2010,27,7/2/2010,7/8/2010,16.4,0.7,100,90.9
2010,28,7/9/2010,7/15/2010,18,0.8,99.6,42.1
2010,29,7/16/2010,7/22/2010,17,1.2,100,41.2
2010,30,7/23/2010,7/29/2010,17.5,0.6,100,76.9
2010,31,7/30/2010,8/5/2010,17.4,0.5,100,71.4
2010,32,8/6/2010,8/12/2010,18.4,0.6,100,86.6
2010,33,8/13/2010,8/19/2010,17.9,0.9,100,63.1
2010,34,8/20/2010,8/26/2010,17.7,0.9,100,45.3
2010,35,8/27/2010,9/2/2010,18.1,0.6,100,99.8
2010,36,9/3/2010,9/9/2010,17.2,0.4,100,98.7
2010,37,9/10/2010,9/16/2010,16.4,0.4,100,78.7
2010,38,9/17/2010,9/23/2010,15.7,0.3,100,62.5
2010,39,9/24/2010,9/30/2010,16,0.3,100,78
2010,40,10/1/2010,10/7/2010,16.4,0.3,100,54.7
2010,41,10/8/2010,10/14/2010,14.5,0.2,100,100
2010,42,10/15/2010,10/21/2010,13.4,0.2,100,60.6
2010,43,10/22/2010,10/28/2010,12.5,0.4,99.8,44.7
2010,44,10/29/2010,11/4/2010,11.8,0.4,91.9,32.2
2010,45,11/5/2010,11/11/2010,11.8,0.7,83.2,12
2010,46,11/12/2010,11/18/2010,11.3,1,100,75.6
2010,47,11/19/2010,11/25/2010,10.3,0.7,100,39.2
2010,48,11/26/2010,12/2/2010,9.4,0.3,100,36
2010,49,12/3/2010,12/9/2010,8.7,0.2,55.1,10.6
2010,50,12/10/2010,12/16/2010,8.4,0.3,99.8,30
2010,51,12/17/2010,12/23/2010,8.3,0.4,20.4,3
2010,52,12/24/2010,12/30/2010,7.7,0.2,100,34.9
2011,1,1/1/2011,1/7/2011,7.4,0.3,100,33.3
2011,2,1/8/2011,1/14/2011,7,0.5,47.6,8
2011,3,1/15/2011,1/21/2011,6.7,0.3,43.1,7.5
2011,4,1/22/2011,1/28/2011,6.3,0.3,27.6,4.2
2011,5,1/29/2011,2/4/2011,6.4,0.5,97.7,28.3
2011,6,2/5/2011,2/11/2011,6.4,0.3,98.9,20.5
2011,7,2/12/2011,2/18/2011,5.3,0.6,100,70
2011,8,2/19/2011,2/25/2011,3.9,0.7,100,45.2
2011,9,2/26/2011,3/4/2011,4.6,0.5,100,25.4
2011,10,3/5/2011,3/11/2011,4.5,0.7,100,60.1
2011,11,3/12/2011,3/18/2011,4.8,0.5,100,72.6
2011,12,3/19/2011,3/25/2011,4.4,0.7,100,54.3
2011,13,3/26/2011,4/1/2011,4,0.7,100,73.8
2011,14,4/2/2011,4/8/2011,4.2,0.5,100,80.1
2011,15,4/9/2011,4/15/2011,4.8,0.3,100,45.3
2011,16,4/16/2011,4/22/2011,5.6,0.2,100,58
2011,17,4/23/2011,4/29/2011,5.6,0.5,100,20
2011,18,4/30/2011,5/6/2011,6.3,0.3,100,56.4
2011,19,5/7/2011,5/13/2011,6.2,0.4,67.5,12.4
2011,20,5/14/2011,5/20/2011,6.6,0.6,95.6,26.2
2011,21,5/21/2011,5/27/2011,7.3,0.5,99.9,35.8
2011,22,5/28/2011,6/3/2011,9.3,0.5,100,59.9
2011,23,6/4/2011,6/10/2011,10.4,0.5,100,79.4
2011,24,6/11/2011,6/17/2011,10.3,0.5,100,43.6
2011,25,6/18/2011,6/24/2011,11.1,0.8,100,60
2011,26,6/25/2011,7/1/2011,12.5,0.7,100,42.5
2011,27,7/2/2011,7/8/2011,13.7,0.8,100,46.2
2011,28,7/9/2011,7/15/2011,15,1,100,57.2
2011,29,7/16/2011,7/22/2011,14.9,0.7,100,65.3
2011,30,7/23/2011,7/29/2011,16.8,0.6,100,65.3
2011,31,7/30/2011,8/5/2011,16.8,0.7,100,60.8
2011,32,8/6/2011,8/12/2011,16.2,0.7,100,46.9
2011,33,8/13/2011,8/19/2011,16.8,0.9,100,81.9
2011,34,8/20/2011,8/26/2011,18.3,0.7,100,92.3
2011,35,8/27/2011,9/2/2011,17.4,0.7,100,78.5
2011,36,9/3/2011,9/9/2011,17.2,0.6,100,54.3
2011,37,9/10/2011,9/16/2011,17.1,0.5,100,77.2
2011,38,9/17/2011,9/23/2011,16.4,0.2,100,78.2
2011,39,9/24/2011,9/30/2011,16.9,0.5,100,68.1
2011,40,10/1/2011,10/7/2011,15.8,0.5,98.8,39
2011,41,10/8/2011,10/14/2011,14.9,0.4,100,69.2
2011,42,10/15/2011,10/21/2011,14.8,0.2,100,75.3
2011,43,10/22/2011,10/28/2011,14.3,0.3,100,54.8
2011,44,10/29/2011,11/4/2011,12,0.4,100,56.6
2011,45,11/5/2011,11/11/2011,11.2,0.3,100,77.4
2011,46,11/12/2011,11/18/2011,10.9,0.3,100,54.6
2011,47,11/19/2011,11/25/2011,10.6,0.3,100,57.2
2011,48,11/26/2011,12/2/2011,10.6,0.3,100,77.1
2011,49,12/3/2011,12/9/2011,10.1,0.3,100,56
2011,50,12/10/2011,12/16/2011,9.9,0.3,100,71.4
2011,51,12/17/2011,12/23/2011,9.5,0.3,100,80.8
2011,52,12/24/2011,12/30/2011,8.7,0.3,100,24.8
2012,1,1/1/2012,1/7/2012,8.5,0.4,99,35.1
2012,2,1/8/2012,1/14/2012,7.9,0.3,100,58.8
2012,3,1/15/2012,1/21/2012,7.1,0.4,71.2,12.8
2012,4,1/22/2012,1/28/2012,7.1,0.5,91.5,26.7
2012,5,1/29/2012,2/4/2012,7,0.2,100,51.5
2012,6,2/5/2012,2/11/2012,6.4,0.3,100,56.8
2012,7,2/12/2012,2/18/2012,6.4,0.3,100,33.9
2012,8,2/19/2012,2/25/2012,6.1,0.2,100,75.8
2012,9,2/26/2012,3/3/2012,5.8,0.3,100,29.7
2012,10,3/4/2012,3/10/2012,5.8,0.3,100,54.4
2012,11,3/11/2012,3/17/2012,5.8,0.3,100,42.3
2012,12,3/18/2012,3/24/2012,7,0.2,100,77.1
2012,13,3/25/2012,3/31/2012,5.9,0.7,95.3,22.3
2012,14,4/1/2012,4/7/2012,5.6,0.7,100,89.5
2012,15,4/8/2012,4/14/2012,6.3,0.3,100,75.1
2012,16,4/15/2012,4/21/2012,7.4,0.3,100,94.4
2012,17,4/22/2012,4/28/2012,7.8,0.3,100,68.7
2012,18,4/29/2012,5/5/2012,7.7,0.4,100,84.8
2012,19,5/6/2012,5/12/2012,8.2,0.3,100,75.1
2012,20,5/13/2012,5/19/2012,9.2,0.3,100,48
2012,21,5/20/2012,5/26/2012,10.9,0.7,100,43.1
2012,22,5/27/2012,6/2/2012,11.3,0.9,100,67.5
2012,23,6/3/2012,6/9/2012,10.2,0.9,100,41.5
2012,24,6/10/2012,6/16/2012,11.6,1,100,69.6
2012,25,6/17/2012,6/23/2012,13.2,2,100,61.9
2012,26,6/24/2012,6/30/2012,14,1.1,100,80.3
2012,27,7/1/2012,7/7/2012,15.6,1.1,100,73.6
2012,28,7/8/2012,7/14/2012,16.5,1.2,100,71.6
2012,29,7/15/2012,7/21/2012,18.5,1,100,57.6
2012,30,7/22/2012,7/28/2012,18,0.8,100,77.2
2012,31,7/29/2012,8/4/2012,17.5,0.8,100,55.7
2012,32,8/5/2012,8/11/2012,18.5,0.8,100,66.8
2012,33,8/12/2012,8/18/2012,19.7,0.8,100,91.1
2012,34,8/19/2012,8/25/2012,20.1,1,99.9,59.5
2012,35,8/26/2012,9/1/2012,18.9,0.8,100,96.2
2012,36,9/2/2012,9/8/2012,18.1,0.6,100,78.4
2012,37,9/9/2012,9/15/2012,18.4,0.5,100,100
2012,38,9/16/2012,9/22/2012,17.9,0.4,100,57.7
2012,39,9/23/2012,9/29/2012,17.4,0.4,100,62.7
2012,40,9/30/2012,10/6/2012,17.2,0.2,100,67.1
2012,41,10/7/2012,10/13/2012,16.7,0.4,100,55.6
2012,42,10/14/2012,10/20/2012,15.5,0.4,100,47.2
2012,43,10/21/2012,10/27/2012,14.8,0.3,100,100
2012,44,10/28/2012,11/3/2012,14,0.3,100,51.1
2012,45,11/4/2012,11/10/2012,13.2,0.3,100,48.5
2012,46,11/11/2012,11/17/2012,12.5,0.4,100,52
2012,47,11/18/2012,11/24/2012,11.7,0.4,100,90.9
2012,48,11/25/2012,12/1/2012,10.6,0.3,81.8,23.1
2012,49,12/2/2012,12/8/2012,10.3,0.2,100,69
2012,50,12/9/2012,12/15/2012,9.9,0.2,99.9,35.8
2012,51,12/16/2012,12/22/2012,9.5,0.3,99.1,32.6
2012,52,12/23/2012,12/29/2012,9,0.3,80.3,11.9
2013,1,1/1/2013,1/7/2013,7.7,0.5,97.6,28.1
2013,2,1/8/2013,1/14/2013,7.9,0.3,100,89.3
2013,3,1/15/2013,1/21/2013,7.7,0.2,100,38
2013,4,1/22/2013,1/28/2013,6.7,0.7,17.2,2.7
2013,5,1/29/2013,2/4/2013,6,0.5,98.5,28.1
2013,6,2/5/2013,2/11/2013,6.5,0.4,100,19.2
2013,7,2/12/2013,2/18/2013,6.2,0.4,100,53.1
2013,8,2/19/2013,2/25/2013,5.8,0.3,100,18
2013,9,2/26/2013,3/4/2013,5.4,0.5,100,40.5
2013,10,3/5/2013,3/11/2013,6.1,0.5,99.6,16.6
2013,11,3/12/2013,3/18/2013,6.4,0.4,100,43.2
2013,12,3/19/2013,3/25/2013,5.6,0.4,100,60.7
2013,13,3/26/2013,4/1/2013,5.4,0.3,100,77.1
2013,14,4/2/2013,4/8/2013,5.6,0.3,100,95.7
2013,15,4/9/2013,4/15/2013,5.5,0.4,100,36.6
2013,16,4/16/2013,4/22/2013,6.2,0.4,100,84.5
2013,17,4/23/2013,4/29/2013,6.3,0.4,100,66.8
2013,18,4/30/2013,5/6/2013,6.7,0.2,100,77.8
2013,19,5/7/2013,5/13/2013,8,0.3,100,56.3
2013,20,5/14/2013,5/20/2013,8.4,0.3,100,70.9
2013,21,5/21/2013,5/27/2013,8.5,0.4,100,52
2013,22,5/28/2013,6/3/2013,10.2,0.4,100,78.1
2013,23,6/4/2013,6/10/2013,10.9,0.3,100,73.3
2013,24,6/11/2013,6/17/2013,11.1,0.2,100,38
2013,25,6/18/2013,6/24/2013,12.7,0.6,100,74.1
2013,26,6/25/2013,7/1/2013,13.7,0.8,100,40
2013,27,7/2/2013,7/8/2013,16,0.4,100,67.9
2013,28,7/9/2013,7/15/2013,17,0.5,100,41.3
2013,29,7/16/2013,7/22/2013,18.1,0.5,100,67.4
2013,30,7/23/2013,7/29/2013,16.7,0.9,100,64.1
2013,31,7/30/2013,8/5/2013,16.8,0.8,100,75.1
2013,32,8/6/2013,8/12/2013,17.5,0.7,100,89.3
2013,33,8/13/2013,8/19/2013,17.7,0.4,100,76.1
2013,34,8/20/2013,8/26/2013,17.2,0.5,100,69.4
2013,35,8/27/2013,9/2/2013,17.1,0.5,100,56.5
2013,36,9/3/2013,9/9/2013,17.2,0.5,100,85.9
2013,37,9/10/2013,9/16/2013,17.4,0.4,100,76.6
2013,38,9/17/2013,9/23/2013,16.3,0.4,100,98.4
2013,39,9/24/2013,9/30/2013,15.1,0.7,100,43.3
2013,40,10/1/2013,10/7/2013,15.3,0.5,100,77.4
2013,41,10/8/2013,10/14/2013,14.9,0.6,100,62.2
2013,42,10/15/2013,10/21/2013,14.7,0.3,100,73.1
2013,43,10/22/2013,10/28/2013,13.9,0.1,100,92.9
2013,44,10/29/2013,11/4/2013,12.6,0.3,99.8,36.4
2013,45,11/5/2013,11/11/2013,12.4,0.4,100,50.8
2013,46,11/12/2013,11/18/2013,11.7,0.5,100,58.8
2013,47,11/19/2013,11/25/2013,11,0.5,100,60.3
2013,48,11/26/2013,12/2/2013,9.9,0.4,100,39.9
2013,49,12/3/2013,12/9/2013,9.7,0.4,100,22.1
2013,50,12/10/2013,12/16/2013,8.9,0.4,19.2,2.9
2013,51,12/17/2013,12/23/2013,8,0.3,99.5,29
2013,52,12/24/2013,12/30/2013,7.8,0.3,100,39
2014,1,1/1/2014,1/7/2014,7.1,0.5,98.2,27.2
2014,2,1/8/2014,1/14/2014,7.2,0.3,100,42.3
2014,3,1/15/2014,1/21/2014,6.6,0.3,100,51.8
2014,4,1/22/2014,1/28/2014,6.1,0.3,30,4.5
2014,5,1/29/2014,2/4/2014,6,0.3,99.9,34.2
2014,6,2/5/2014,2/11/2014,5.5,0.6,98.4,27.4
2014,7,2/12/2014,2/18/2014,5.5,0.3,80.9,17.9
2014,8,2/19/2014,2/25/2014,5.5,0.2,100,64.2
2014,9,2/26/2014,3/4/2014,4.9,0.5,100,48.4
2014,10,3/5/2014,3/11/2014,4.5,0.6,100,50.1
2014,11,3/12/2014,3/18/2014,4.9,0.3,100,65.6
2014,12,3/19/2014,3/25/2014,4.6,0.7,100,75.7
2014,13,3/26/2014,4/1/2014,4.7,0.6,100,29.3
2014,14,4/2/2014,4/8/2014,4.5,0.5,100,58.3
2014,15,4/9/2014,4/15/2014,5.4,0.3,100,69.4
2014,16,4/16/2014,4/22/2014,5.6,0.4,100,88.7
2014,17,4/23/2014,4/29/2014,5.8,0.5,100,28.3
2014,18,4/30/2014,5/6/2014,5.8,0.4,100,58.3
2014,19,5/7/2014,5/13/2014,6.7,0.6,100,80.8
2014,20,5/14/2014,5/20/2014,7.5,0.6,100,71.7
2014,21,5/21/2014,5/27/2014,7.2,0.6,100,59
2014,22,5/28/2014,6/3/2014,8.2,2.2,100,69.7
2014,23,6/4/2014,6/10/2014,10,0.5,100,67.5
2014,24,6/11/2014,6/17/2014,10.1,0.6,100,60.5
2014,25,6/18/2014,6/24/2014,10.6,0.9,100,83.2
2014,26,6/25/2014,7/1/2014,13.2,1,100,76.6
2014,27,7/2/2014,7/8/2014,14.7,0.6,100,74.9
2014,28,7/9/2014,7/15/2014,15,0.8,100,61
2014,29,7/16/2014,7/22/2014,16,1.1,100,61.3
2014,30,7/23/2014,7/29/2014,17.4,1,100,58.8
2014,31,7/30/2014,8/5/2014,17.9,0.6,100,54.7
2014,32,8/6/2014,8/12/2014,17.7,0.8,100,88.9
2014,33,8/13/2014,8/19/2014,16.6,0.9,100,84.6
2014,34,8/20/2014,8/26/2014,17.3,0.7,100,96.9
2014,35,8/27/2014,9/2/2014,17.2,0.5,100,80
2014,36,9/3/2014,9/9/2014,18.2,0.5,100,84.4
2014,37,9/10/2014,9/16/2014,17.1,0.5,100,79.7
2014,38,9/17/2014,9/23/2014,17.4,0.4,100,95.6
2014,39,9/24/2014,9/30/2014,17,0.4,100,74.4
2014,40,10/1/2014,10/7/2014,16.3,0.6,100,49.5
2014,41,10/8/2014,10/14/2014,15.6,0.4,100,85.7
2014,42,10/15/2014,10/21/2014,15.4,0.3,100,69.9
2014,43,10/22/2014,10/28/2014,14.9,0.2,100,68.4
2014,44,10/29/2014,11/4/2014,13.8,0.3,100,49.7
2014,45,11/5/2014,11/11/2014,12,0.7,100,45
2014,46,11/12/2014,11/18/2014,11.4,0.5,96.9,47.6
2014,47,11/19/2014,11/25/2014,10.5,0.4,100,48.3
2014,48,11/26/2014,12/2/2014,10.3,0.4,100,38.3
2014,49,12/3/2014,12/9/2014,9.6,0.4,99.8,41.9
2014,50,12/10/2014,12/16/2014,9.1,0.4,97.5,32.8
2014,51,12/17/2014,12/23/2014,8.7,0.8,65.8,14
2014,52,12/24/2014,12/30/2014,9,0.2,100,42.7
2015,1,1/1/2015,1/7/2015,8.5,0.4,78.4,14.6
2015,2,1/8/2015,1/14/2015,7.6,0.3,50.2,10.1
2015,3,1/15/2015,1/21/2015,7.3,0.3,99.9,42.9
2015,4,1/22/2015,1/28/2015,7.1,0.4,85.3,25.2
2015,5,1/29/2015,2/4/2015,6.3,0.4,34.9,5.2
2015,6,2/5/2015,2/11/2015,6.4,0.5,2.8,0.4
2015,7,2/12/2015,2/18/2015,6.1,0.2,13.8,2
2015,8,2/19/2015,2/25/2015,5.7,0.5,100,28.4
2015,9,2/26/2015,3/4/2015,5.1,0.5,100,33.8
2015,10,3/5/2015,3/11/2015,4.3,0.4,100,55.1
2015,11,3/12/2015,3/18/2015,4.3,0.5,100,45.6
2015,12,3/19/2015,3/25/2015,4,0.4,100,18.6
2015,13,3/26/2015,4/1/2015,4,0.7,100,60
2015,14,4/2/2015,4/8/2015,4,0.4,100,73
2015,15,4/9/2015,4/15/2015,5,0.4,100,71
2015,16,4/16/2015,4/22/2015,5,0.7,100,82.2
2015,17,4/23/2015,4/29/2015,5,0.6,100,90.3
2015,18,4/30/2015,5/6/2015,5.3,0.9,100,72.3
2015,19,5/7/2015,5/13/2015,6.5,0.7,100,64.6
2015,20,5/14/2015,5/20/2015,7.1,0.3,100,62.9
2015,21,5/21/2015,5/27/2015,7.6,0.4,100,72.3
2015,22,5/28/2015,6/3/2015,9.9,0.7,100,37.1
2015,23,6/4/2015,6/10/2015,9.6,0.4,100,68.5
2015,24,6/11/2015,6/17/2015,10.4,0.6,100,57.2
2015,25,6/18/2015,6/24/2015,11.2,0.6,100,84.1
2015,26,6/25/2015,7/1/2015,12.5,0.6,100,67.9
2015,27,7/2/2015,7/8/2015,13.4,0.7,100,77.2
2015,28,7/9/2015,7/15/2015,13.8,1,100,51.8
2015,29,7/16/2015,7/22/2015,15.2,2.1,100,34.1
2015,30,7/23/2015,7/29/2015,16.8,1,100,79.2
2015,31,7/30/2015,8/5/2015,17.4,1.4,100,66.8
2015,32,8/6/2015,8/12/2015,16.8,1.2,100,56.5
2015,33,8/13/2015,8/19/2015,17.9,1.1,100,60.6
2015,34,8/20/2015,8/26/2015,19.4,0.7,100,78.9
2015,35,8/27/2015,9/2/2015,18.7,1.4,100,86.7
2015,36,9/3/2015,9/9/2015,17.7,0.9,100,97.1
2015,37,9/10/2015,9/16/2015,17.9,0.8,100,79.3
2015,38,9/17/2015,9/23/2015,18.2,0.6,100,89.6
2015,39,9/24/2015,9/30/2015,17,0.4,100,99.4
2015,40,10/1/2015,10/7/2015,15.4,0.7,100,31.9
2015,41,10/8/2015,10/14/2015,15.2,0.5,100,95.2
2015,42,10/15/2015,10/21/2015,14.7,0.3,100,76.7
2015,43,10/22/2015,10/28/2015,13.3,0.3,100,57.2
2015,44,10/29/2015,11/4/2015,12.7,0.4,100,63.1
2015,45,11/5/2015,11/11/2015,12.8,0.5,100,59.3
2015,46,11/12/2015,11/18/2015,12.3,0.3,100,52.3
2015,47,11/19/2015,11/25/2015,11.3,0.4,100,56
2015,48,11/26/2015,12/2/2015,11.2,0.5,100,58
2015,49,12/3/2015,12/9/2015,10.6,0.4,100,44
2015,50,12/10/2015,12/16/2015,10.3,0.3,100,84.9
2015,51,12/17/2015,12/23/2015,9.6,0.4,90.4,19.2
2015,52,12/24/2015,12/30/2015,9.9,0.4,99.8,23.4
2016,1,1/1/2016,1/7/2016,8.6,0.4,100,47.7
2016,2,1/8/2016,1/14/2016,8.2,0.4,100,47.7
2016,3,1/15/2016,1/21/2016,8,0.5,75.3,16.7
2016,4,1/22/2016,1/28/2016,6.8,0.4,100,46.9
2016,5,1/29/2016,2/4/2016,6.8,0.3,100,60.5
2016,6,2/5/2016,2/11/2016,6.6,0.4,100,29.5
2016,7,2/12/2016,2/18/2016,6.1,0.4,87,18.3
2016,8,2/19/2016,2/25/2016,6.1,0.3,100,69.2
2016,9,2/26/2016,3/3/2016,6.2,0.3,100,77.9
2016,10,3/4/2016,3/10/2016,5.5,0.3,100,57
2016,11,3/11/2016,3/17/2016,5.9,0.3,100,44.2
2016,12,3/18/2016,3/24/2016,6,0.2,100,81.7
2016,13,3/25/2016,3/31/2016,5.9,0.4,100,53.1
2016,14,4/1/2016,4/7/2016,5.6,0.6,100,28.2
2016,15,4/8/2016,4/14/2016,5.9,0.4,100,51.7
2016,16,4/15/2016,4/21/2016,6.1,0.2,100,66.5
2016,17,4/22/2016,4/28/2016,6.8,0.2,100,90.3
2016,18,4/29/2016,5/5/2016,6.7,0.6,100,38.7
2016,19,5/6/2016,5/12/2016,7.2,0.4,100,72.7
2016,20,5/13/2016,5/19/2016,8.1,0.3,100,87.6
2016,21,5/20/2016,5/26/2016,9,0.4,100,75.4
2016,22,5/27/2016,6/2/2016,9.4,0.4,100,66.6
2016,23,6/3/2016,6/9/2016,9.5,0.5,100,47.3
2016,24,6/10/2016,6/16/2016,10.8,0.5,100,83.5
2016,25,6/17/2016,6/23/2016,13.1,0.6,100,82.5
2016,26,6/24/2016,6/30/2016,13.9,0.9,100,69.9
2016,27,7/1/2016,7/7/2016,14.3,1.1,100,81.9
2016,28,7/8/2016,7/14/2016,14.5,0.7,100,70.5
2016,29,7/15/2016,7/21/2016,16,0.8,100,69.5
2016,30,7/22/2016,7/28/2016,17.4,0.7,100,95.6
2016,31,7/29/2016,8/4/2016,17.5,1,100,51.3
2016,32,8/5/2016,8/11/2016,17.3,0.8,100,85.8
2016,33,8/12/2016,8/18/2016,18.8,0.6,100,86.8
2016,34,8/19/2016,8/25/2016,18.7,0.7,100,100
2016,35,8/26/2016,9/1/2016,18.4,0.7,100,85.9
2016,36,9/2/2016,9/8/2016,18.5,0.7,100,66.6
2016,37,9/9/2016,9/15/2016,18.3,0.3,100,98.6
2016,38,9/16/2016,9/22/2016,17.8,0.4,100,93.6
2016,39,9/23/2016,9/29/2016,17.7,0.4,100,72.1
2016,40,9/30/2016,10/6/2016,16.8,0.5,100,39.9
2016,41,10/7/2016,10/13/2016,16.3,0.3,100,73.5
2016,42,10/14/2016,10/20/2016,15.1,0.4,100,100
2016,43,10/21/2016,10/27/2016,13.8,0.4,100,77.7
2016,44,10/28/2016,11/3/2016,12.9,0.3,100,37.4
2016,45,11/4/2016,11/10/2016,12.3,0.4,100,73.1
2016,46,11/11/2016,11/17/2016,11.8,0.4,100,67.9
2016,47,11/18/2016,11/24/2016,10.9,0.3,97.1,35.8
2016,48,11/25/2016,12/1/2016,10.4,0.3,91.5,21.7
2016,49,12/2/2016,12/8/2016,10.1,0.2,99.9,37.4
2016,50,12/9/2016,12/15/2016,9.3,0.2,100,38.1
2016,51,12/16/2016,12/22/2016,8.3,0.5,99.3,21.4
2016,52,12/23/2016,12/29/2016,8.3,0.2,100,68
2017,1,1/1/2017,1/7/2017,8.1,0.4,100,43.7
2017,2,1/8/2017,1/14/2017,7.1,0.6,100,67.7
2017,3,1/15/2017,1/21/2017,6.9,0.7,100,39.1
2017,4,1/22/2017,1/28/2017,6.6,0.5,83.2,18.8
2017,5,1/29/2017,2/4/2017,6.3,0.7,100,51.6
2017,6,2/5/2017,2/11/2017,5.8,0.5,83.2,16.3
2017,7,2/12/2017,2/18/2017,6,0.6,99.8,23.5
2017,8,2/19/2017,2/25/2017,6.3,0.5,100,77.4
2017,9,2/26/2017,3/4/2017,6,0.8,100,69.2
2017,10,3/5/2017,3/11/2017,4.4,0.7,100,52.4
2017,11,3/12/2017,3/18/2017,4.2,0.5,100,25.7
2017,12,3/19/2017,3/25/2017,4,0.6,100,43.6
2017,13,3/26/2017,4/1/2017,4.4,0.6,100,37.9
2017,14,4/2/2017,4/8/2017,4.2,0.9,100,47.8
2017,15,4/9/2017,4/15/2017,5.3,0.5,100,96
2017,16,4/16/2017,4/22/2017,5.9,0.6,100,60.9
2017,17,4/23/2017,4/29/2017,5.6,0.8,100,24.5
2017,18,4/30/2017,5/6/2017,6.6,0.4,100,53.9
2017,19,5/7/2017,5/13/2017,7.1,0.5,100,94.4
2017,20,5/14/2017,5/20/2017,8.1,0.8,100,72.1
2017,21,5/21/2017,5/27/2017,8.1,0.8,100,58
2017,22,5/28/2017,6/3/2017,8.3,0.4,100,74.2
2017,23,6/4/2017,6/10/2017,8.7,0.5,100,48.1
2017,24,6/11/2017,6/17/2017,10.1,0.3,100,75.7
2017,25,6/18/2017,6/24/2017,11.4,0.8,100,34.9
2017,26,6/25/2017,7/1/2017,12.1,0.9,100,95.3
2017,27,7/2/2017,7/8/2017,14.5,0.6,100,69.9
2017,28,7/9/2017,7/15/2017,15.4,0.9,100,50.1
2017,29,7/16/2017,7/22/2017,16.5,1.6,100,43.1
2017,30,7/23/2017,7/29/2017,14.6,1.4,100,62.6
2017,31,7/30/2017,8/5/2017,16.1,1.7,100,92.1
2017,32,8/6/2017,8/12/2017,17.5,2.4,100,67.5
2017,33,8/13/2017,8/19/2017,17.4,1,100,53.1
2017,34,8/20/2017,8/26/2017,17.2,0.8,100,85.9
2017,35,8/27/2017,9/2/2017,16.9,0.3,100,85.7
2017,36,9/3/2017,9/9/2017,16.2,0.3,100,88
2017,37,9/10/2017,9/16/2017,16.7,0.4,100,91.5
2017,38,9/17/2017,9/23/2017,17.2,0.6,100,27.3
2017,39,9/24/2017,9/30/2017,17.1,0.9,100,64.1
2017,40,10/1/2017,10/7/2017,15.3,0.2,100,97.5
2017,41,10/8/2017,10/14/2017,15.3,0.6,100,78.5
2017,42,10/15/2017,10/21/2017,14.7,0.3,100,69.7
2017,43,10/22/2017,10/28/2017,14.6,0.2,100,82.2
2017,44,10/29/2017,11/4/2017,14.5,0.2,100,98.5
2017,45,11/5/2017,11/11/2017,13.9,1.5,100,61.3
2017,46,11/12/2017,11/18/2017,12.2,0.7,100,48
2017,47,11/19/2017,11/25/2017,11.5,0.3,100,59.2
2017,48,11/26/2017,12/2/2017,11.1,0.3,100,77.4
2017,49,12/3/2017,12/9/2017,10.7,0.5,88,27.6
2017,50,12/10/2017,12/16/2017,10,0.3,71.8,12.1
2017,51,12/17/2017,12/23/2017,9.8,0.9,99.4,18.4
2017,52,12/24/2017,12/30/2017,9.2,0.4,46.5,7.3
2018,1,1/1/2018,1/7/2018,8.9,0.9,97.6,17.7
2018,2,1/8/2018,1/14/2018,8.1,0.8,100,38.8
2018,3,1/15/2018,1/21/2018,8.4,0.8,100,16.3
2018,4,1/22/2018,1/28/2018,8.3,0.5,100,52.2
2018,5,1/29/2018,2/4/2018,7.1,0.5,85.5,16.1
2018,6,2/5/2018,2/11/2018,6.8,0.4,100,21.2
2018,7,2/12/2018,2/18/2018,6.7,0.4,100,38
2018,8,2/19/2018,2/25/2018,6.3,0.4,100,63.3
2018,9,2/26/2018,3/4/2018,6.1,0.6,100,39.9
2018,10,3/5/2018,3/11/2018,6.5,0.3,96.9,39.9
2018,11,3/12/2018,3/18/2018,6.4,0.4,99.2,36.1
2018,12,3/19/2018,3/25/2018,6.2,0.4,97.6,24.9
2018,13,3/26/2018,4/1/2018,7,0.6,100,58.2
2018,14,4/2/2018,4/8/2018,6.8,0.7,100,63.1
2018,15,4/9/2018,4/15/2018,5.9,0.8,100,51.7
2018,16,4/16/2018,4/22/2018,5.8,0.4,100,74.7
2018,17,4/23/2018,4/29/2018,6.8,0.3,100,61.6
2018,18,4/30/2018,5/6/2018,7.4,0.3,100,49.6
2018,19,5/7/2018,5/13/2018,7.8,0.4,100,53.1
2018,20,5/14/2018,5/20/2018,7.9,0.7,97.9,29.8
2018,21,5/21/2018,5/27/2018,8.7,0.4,100,64.4
2018,22,5/28/2018,6/3/2018,9.5,0.4,100,55.7
2018,23,6/4/2018,6/10/2018,10.2,0.4,100,83.9
2018,24,6/11/2018,6/17/2018,10.8,0.7,100,86.9
2018,25,6/18/2018,6/24/2018,12,0.9,100,81.5
2018,26,6/25/2018,7/1/2018,12.7,0.6,100,65.9
2018,27,7/2/2018,7/8/2018,15.3,0.7,100,61.8
2018,28,7/9/2018,7/15/2018,16.2,0.7,100,83.9
2018,29,7/16/2018,7/22/2018,15.7,1,100,72.6
2018,30,7/23/2018,7/29/2018,17.8,0.9,100,62
2018,31,7/30/2018,8/5/2018,18.9,1,100,67.6
2018,32,8/6/2018,8/12/2018,20.3,0.6,100,80.8
2018,33,8/13/2018,8/19/2018,20.3,1.9,100,70.6
2018,34,8/20/2018,8/26/2018,18.6,1.7,100,65.8
2018,35,8/27/2018,9/2/2018,18.9,1,100,94.9
2018,36,9/3/2018,9/9/2018,19.6,0.7,100,61.1
2018,37,9/10/2018,9/16/2018,17.7,1.4,100,69.6
2018,38,9/17/2018,9/23/2018,17,0.8,100,66.4
2018,39,9/24/2018,9/30/2018,16.4,0.6,100,79.3
2018,40,10/1/2018,10/7/2018,16,0.5,100,52.4
2018,41,10/8/2018,10/14/2018,15.4,0.6,100,59.1
2018,42,10/15/2018,10/21/2018,14.2,0.2,100,92.4
2018,43,10/22/2018,10/28/2018,13,0.4,96.2,33.6
2018,44,10/29/2018,11/4/2018,12.3,0.4,100,71.3
2018,45,11/5/2018,11/11/2018,12.1,0.4,100,62.7
2018,46,11/12/2018,11/18/2018,11.2,0.5,98.4,29.3
2018,47,11/19/2018,11/25/2018,10.1,0.4,100,41.6
2018,48,11/26/2018,12/2/2018,9.3,0.7,99.6,44.4
2018,49,12/3/2018,12/9/2018,8.8,0.2,99.7,30.2
2018,50,12/10/2018,12/16/2018,7.8,0.6,100,31.5
2018,51,12/17/2018,12/23/2018,7.8,0.6,100,27
2018,52,12/24/2018,12/30/2018,7.5,0.4,100,57
2019,1,1/1/2019,1/7/2019,7.2,0.5,99.9,44
2019,2,1/8/2019,1/14/2019,6.4,0.7,73.7,14.8
2019,3,1/15/2019,1/21/2019,5.2,0.9,100,32.2
2019,4,1/22/2019,1/28/2019,5.8,0.4,100,57.4
2019,5,1/29/2019,2/4/2019,5.1,0.9,100,40.9
2019,6,2/5/2019,2/11/2019,4.7,1.1,100,54.7
2019,7,2/12/2019,2/18/2019,4,0.8,98.7,33.7
2019,8,2/19/2019,2/25/2019,4.1,0.7,100,47.7
2019,9,2/26/2019,3/4/2019,3.9,0.5,99.3,32.6
2019,10,3/5/2019,3/11/2019,3.4,0.5,100,66.4
2019,11,3/12/2019,3/18/2019,3.6,0.6,100,90.4
2019,12,3/19/2019,3/25/2019,3.6,0.7,100,91.3
2019,13,3/26/2019,4/1/2019,3.8,0.7,100,86.7
2019,14,4/2/2019,4/8/2019,4,0.7,100,59.2
2019,15,4/9/2019,4/15/2019,4.3,0.7,100,39.5
2019,16,4/16/2019,4/22/2019,5.1,0.6,100,65.3
2019,17,4/23/2019,4/29/2019,5.6,0.5,100,57.4
2019,18,4/30/2019,5/6/2019,6.3,0.6,100,22.4
2019,19,5/7/2019,5/13/2019,6.2,0.8,100,80.2
2019,20,5/14/2019,5/20/2019,6.3,0.6,100,48.4
2019,21,5/21/2019,5/27/2019,7.3,0.4,100,67.9
2019,22,5/28/2019,6/3/2019,8.3,0.5,100,28.3
2019,23,6/4/2019,6/10/2019,9,0.5,100,68
2019,24,6/11/2019,6/17/2019,10,0.6,100,59.9
2019,25,6/18/2019,6/24/2019,11.2,0.6,100,64.7
2019,26,6/25/2019,7/1/2019,13.2,0.6,100,50.2
2019,27,7/2/2019,7/8/2019,13.8,0.8,100,81.2
2019,28,7/9/2019,7/15/2019,14.2,1,100,80.4
2019,29,7/16/2019,7/22/2019,15.7,0.7,100,73.6
2019,30,7/23/2019,7/29/2019,17.1,0.7,100,76.2
2019,31,7/30/2019,8/5/2019,18.2,1,100,89.5
2019,32,8/6/2019,8/12/2019,17.3,1.1,100,99.5
2019,33,8/13/2019,8/19/2019,18.2,0.7,100,67.5
2019,34,8/20/2019,8/26/2019,18.5,0.7,100,92.6
2019,35,8/27/2019,9/2/2019,18,1,100,96.5
2019,36,9/3/2019,9/9/2019,16.6,0.7,100,64.7
2019,37,9/10/2019,9/16/2019,15.5,0.2,100,97.7
2019,38,9/17/2019,9/23/2019,15.8,0.4,100,88.2
2019,39,9/24/2019,9/30/2019,15.9,0.2,100,100
2019,40,10/1/2019,10/7/2019,14.7,0.4,100,65.1
2019,41,10/8/2019,10/14/2019,14.4,0.4,75.2,15
2019,42,10/15/2019,10/21/2019,13.7,0.4,100,67.8
2019,43,10/22/2019,10/28/2019,13.8,0.8,100,59.7
2019,44,10/29/2019,11/4/2019,12.7,0.5,100,85.3
2019,45,11/5/2019,11/11/2019,12.2,0.2,100,78.3
2019,46,11/12/2019,11/18/2019,11.7,0.2,99.9,33
2019,47,11/19/2019,11/25/2019,10.9,0.4,100,68.7
2019,48,11/26/2019,12/2/2019,10.4,0.4,100,45
2019,49,12/3/2019,12/9/2019,9.4,0.3,100,55.2
2019,50,12/10/2019,12/16/2019,9,0.3,93.2,31.5
2019,51,12/17/2019,12/23/2019,8.6,0.3,100,25.3
2019,52,12/24/2019,12/30/2019,8,0.2,100,67.8
2020,1,1/1/2020,1/7/2020,7.6,0.3,99.9,36.7
2020,2,1/8/2020,1/14/2020,7.2,0.3,100,40
2020,3,1/15/2020,1/21/2020,7.4,0.4,100,25.4
2020,4,1/22/2020,1/28/2020,6.4,0.4,100,78.9
2020,5,1/29/2020,2/4/2020,6.5,0.3,100,46.7
2020,6,2/5/2020,2/11/2020,6.4,0.2,100,42.3
2020,7,2/12/2020,2/18/2020,6,0.3,100,52.2
2020,8,2/19/2020,2/25/2020,5.7,0.6,100,74.7
2020,9,2/26/2020,3/3/2020,5.5,0.5,100,53.4
2020,10,3/4/2020,3/10/2020,5.4,0.5,100,85.7
2020,11,3/11/2020,3/17/2020,5.2,0.4,100,96.4
2020,12,3/18/2020,3/24/2020,5.3,0.6,100,56.1
2020,13,3/25/2020,3/31/2020,5.2,0.7,100,47
2020,14,4/1/2020,4/7/2020,4.6,0.5,100,47.6
2020,15,4/8/2020,4/14/2020,5.4,0.4,100,95.1
2020,16,4/15/2020,4/21/2020,5.9,0.4,100,70.8
2020,17,4/22/2020,4/28/2020,6.1,0.4,100,62.6
2020,18,4/29/2020,5/5/2020,6.2,0.3,100,77.2
2020,19,5/6/2020,5/12/2020,6.4,0.4,100,72.2
2020,20,5/13/2020,5/19/2020,6.9,0.3,100,98.3
2020,21,5/20/2020,5/26/2020,7.6,0.3,100,90.9
2020,22,5/27/2020,6/2/2020,8.5,0.3,100,50.3
2020,23,6/3/2020,6/9/2020,9.2,0.4,100,63
2020,24,6/10/2020,6/16/2020,10.1,0.5,100,33.1
2020,25,6/17/2020,6/23/2020,13.1,0.6,100,55
2020,26,6/24/2020,6/30/2020,14.1,1.7,100,44.3
2020,27,7/1/2020,7/7/2020,15.7,3.2,100,71.9
2020,28,7/8/2020,7/14/2020,16.3,3.6,99.9,55.7
2020,29,7/15/2020,7/21/2020,17.2,1.5,100,73.7
2020,30,7/22/2020,7/28/2020,17.7,0.9,100,74.1
2020,31,7/29/2020,8/4/2020,18.5,0.7,100,74.2
2020,32,8/5/2020,8/11/2020,19.1,0.9,100,69
2020,33,8/12/2020,8/18/2020,19.6,0.5,100,73.9
2020,34,8/19/2020,8/25/2020,17.5,0.8,100,75
2020,35,8/26/2020,9/1/2020,17.1,0.3,100,99
2020,36,9/2/2020,9/8/2020,17.7,0.4,100,86.4
2020,37,9/9/2020,9/15/2020,18.2,0.4,100,73.7
2020,38,9/16/2020,9/22/2020,15.6,0.4,100,83.1
2020,39,9/23/2020,9/29/2020,14.3,0.4,100,87.3
2020,40,9/30/2020,10/6/2020,15.3,0.5,100,73.3
2020,41,10/7/2020,10/13/2020,14.5,0.3,100,90.6
2020,42,10/14/2020,10/20/2020,14.4,0.2,100,84.3
2020,43,10/21/2020,10/27/2020,13.9,0.3,100,53.3
2020,44,10/28/2020,11/3/2020,12.7,0.3,100,39.2
2020,45,11/4/2020,11/10/2020,12.5,0.2,100,99.6
2020,46,11/11/2020,11/17/2020,12.3,0.4,100,63.7
2020,47,11/18/2020,11/24/2020,11.6,0.5,100,48.3
2020,48,11/25/2020,12/1/2020,11.2,0.6,100,37.6
2020,49,12/2/2020,12/8/2020,11,0.5,100,36.1
2020,50,12/9/2020,12/15/2020,10.5,0.5,100,40.3
2020,51,12/16/2020,12/22/2020,9.7,0.4,82.4,16.2
2020,52,12/23/2020,12/29/2020,9.4,0.3,100,56.4
2021,1,1/1/2021,1/7/2021,9.2,0.4,99.8,14.3
2021,2,1/8/2021,1/14/2021,8.4,0.6,98.8,26.7
2021,3,1/15/2021,1/21/2021,8.3,0.4,96.7,51.3
2021,4,1/22/2021,1/28/2021,7.4,0.4,100,31.2
2021,5,1/29/2021,2/4/2021,7.4,0.6,71,14.5
2021,6,2/5/2021,2/11/2021,7,0.4,100,31.1
2021,7,2/12/2021,2/18/2021,6.6,0.4,91.6,16.6
2021,8,2/19/2021,2/25/2021,5.9,0.4,100,45.9
2021,9,2/26/2021,3/4/2021,5.6,0.3,100,72.9
2021,10,3/5/2021,3/11/2021,4.9,0.6,100,49.9
2021,11,3/12/2021,3/18/2021,4.9,0.5,100,62.5
2021,12,3/19/2021,3/25/2021,5.1,0.5,100,84.3
2021,13,3/26/2021,4/1/2021,5.4,0.3,100,73.3
2021,14,4/2/2021,4/8/2021,4.8,1,100,38.3
2021,15,4/9/2021,4/15/2021,5.2,0.8,100,86.7
2021,16,4/16/2021,4/22/2021,6.1,0.4,100,79.6
2021,17,4/23/2021,4/29/2021,6.7,0.4,100,86.8
2021,18,4/30/2021,5/6/2021,7.1,0.3,100,63.6
2021,19,5/7/2021,5/13/2021,7.4,0.2,100,65.2
2021,20,5/14/2021,5/20/2021,8.9,0.4,100,99.9
2021,21,5/21/2021,5/27/2021,8.9,0.4,100,80.9
2021,22,5/28/2021,6/3/2021,9.2,0.5,100,48.6
2021,23,6/4/2021,6/10/2021,11.6,0.4,100,50.1
2021,24,6/11/2021,6/17/2021,11.9,0.6,100,79.9
2021,25,6/18/2021,6/24/2021,14,0.9,100,88.4
2021,26,6/25/2021,7/1/2021,16.1,1.2,100,73.2
2021,27,7/2/2021,7/8/2021,15.6,0.4,100,67.1
2021,28,7/9/2021,7/15/2021,16.4,0.6,100,56
2021,29,7/16/2021,7/22/2021,17.5,0.8,100,74.3
2021,30,7/23/2021,7/29/2021,16.3,1,100,77.4
2021,31,7/30/2021,8/5/2021,16.9,0.8,100,75.3
2021,32,8/6/2021,8/12/2021,19,0.8,100,67.3
2021,33,8/13/2021,8/19/2021,19.8,0.6,100,94.2
2021,34,8/20/2021,8/26/2021,19.4,1,100,93
2021,35,8/27/2021,9/2/2021,19.1,0.9,100,78.5
2021,36,9/3/2021,9/9/2021,17.7,0.5,100,85.4
2021,37,9/10/2021,9/16/2021,17.4,0.5,100,94.8
2021,38,9/17/2021,9/23/2021,17.8,0.6,100,77.7
2021,39,9/24/2021,9/30/2021,17.9,0.5,100,83.9
2021,40,10/1/2021,10/7/2021,17.2,0.5,100,80.3
2021,41,10/8/2021,10/14/2021,16.3,0.6,100,96.8
2021,42,10/15/2021,10/21/2021,16,0.5,100,97.3
2021,43,10/22/2021,10/28/2021,15.1,0.5,100,48.9
2021,44,10/29/2021,11/4/2021,13.9,1.1,100,66.1
2021,45,11/5/2021,11/11/2021,12.8,1.5,100,74.6
2021,46,11/12/2021,11/18/2021,12.1,0.7,100,70.6
2021,47,11/19/2021,11/25/2021,11.4,0.2,100,62.9
2021,48,11/26/2021,12/2/2021,11,0.3,100,47.3
2021,49,12/3/2021,12/9/2021,10.6,0.4,100,54.1
2021,50,12/10/2021,12/16/2021,10.3,0.3,100,51.9
2021,51,12/17/2021,12/23/2021,10.2,0.4,100,43.7
2021,52,12/24/2021,12/30/2021,8.4,0.5,17.5,2.6
2022,1,1/1/2022,1/7/2022,8.9,0.4,100,31.7
2022,2,1/8/2022,1/14/2022,8.5,0.2,97.6,32.3
2022,3,1/15/2022,1/21/2022,7.6,0.4,100,49.5
2022,4,1/22/2022,1/28/2022,6.9,0.7,79.8,16.8
2022,5,1/29/2022,2/4/2022,6.8,0.4,100,28.4
2022,6,2/5/2022,2/11/2022,7,0.3,100,45.6
2022,7,2/12/2022,2/18/2022,6.6,0.5,100,48.4
2022,8,2/19/2022,2/25/2022,6.5,0.6,100,48.6
2022,9,2/26/2022,3/4/2022,5.9,0.6,99.8,41.6
2022,10,3/5/2022,3/11/2022,5.9,0.4,100,59.4
2022,11,3/12/2022,3/18/2022,6.3,0.3,100,63.6
2022,12,3/19/2022,3/25/2022,6.1,0.4,100,54.6
2022,13,3/26/2022,4/1/2022,6.5,0.3,100,56.9
2022,14,4/2/2022,4/8/2022,6.1,0.3,100,85.1
2022,15,4/9/2022,4/15/2022,6.5,0.3,100,62
2022,16,4/16/2022,4/22/2022,7,0.2,100,87.7
2022,17,4/23/2022,4/29/2022,7.4,0.2,100,75.1
2022,18,4/30/2022,5/6/2022,7.4,0.3,100,64.4
2022,19,5/7/2022,5/13/2022,8.6,0.8,96.5,32.8
2022,20,5/14/2022,5/20/2022,9.8,1.8,100,60
2022,21,5/21/2022,5/27/2022,9.9,1.4,100,77.6
2022,22,5/28/2022,6/3/2022,10.5,0.5,100,63.8
2022,23,6/4/2022,6/10/2022,11.5,0.4,100,53.8
2022,24,6/11/2022,6/17/2022,12.1,0.7,100,72.9
2022,25,6/18/2022,6/24/2022,12.2,0.6,100,79.5
2022,26,6/25/2022,7/1/2022,14,0.6,100,94.8
2022,27,7/2/2022,7/8/2022,15.1,0.6,100,71.4
2022,28,7/9/2022,7/15/2022,16.8,0.5,100,80.3
2022,29,7/16/2022,7/22/2022,17.2,0.9,100,71.2
2022,30,7/23/2022,7/29/2022,19,0.6,100,82.9
2022,31,7/30/2022,8/5/2022,19.8,0.4,100,83.6
2022,32,8/6/2022,8/12/2022,20.3,0.5,100,66.7
2022,33,8/13/2022,8/19/2022,18.9,0.5,100,80.3
2022,34,8/20/2022,8/26/2022,18.3,0.5,100,64
2022,35,8/27/2022,9/2/2022,19,0.5,100,94.4
2022,36,9/3/2022,9/9/2022,19.1,0.5,100,83.3
2022,37,9/10/2022,9/16/2022,18.3,0.6,100,83.2
2022,38,9/17/2022,9/23/2022,17.5,0.4,100,64
2022,39,9/24/2022,9/30/2022,16.1,0.3,100,58.1
2022,40,10/1/2022,10/7/2022,15.8,0.6,91.6,24.1
2022,41,10/8/2022,10/14/2022,15.2,0.4,100,89
2022,42,10/15/2022,10/21/2022,15.7,0.3,100,73.7
2022,43,10/22/2022,10/28/2022,15.7,0.3,100,77.9
2022,44,10/29/2022,11/4/2022,14.9,0.6,100,96.9
2022,45,11/5/2022,11/11/2022,14.5,0.3,100,100
2022,46,11/12/2022,11/18/2022,13.7,0.4,100,31.1
2022,47,11/19/2022,11/25/2022,12.7,0.6,100,69.2
2022,48,11/26/2022,12/2/2022,12.1,0.9,100,48.2
2022,49,12/3/2022,12/9/2022,11.2,0.6,100,48.9
2022,50,12/10/2022,12/16/2022,9.9,0.5,58,8.3
2022,51,12/17/2022,12/23/2022,9.5,0.7,91,33.7
2022,52,12/24/2022,12/30/2022,9.2,0.2,100,31.9
2023,1,1/1/2023,1/7/2023,8.9,0.2,100,53
2023,2,1/8/2023,1/14/2023,8.3,0.2,100,28.4
2023,3,1/15/2023,1/21/2023,8.6,0.3,99.2,29.9
2023,4,1/22/2023,1/28/2023,8.1,0.4,100,39.1
2023,5,1/29/2023,2/4/2023,8.1,0.3,100,41.4
2023,6,2/5/2023,2/11/2023,7.5,0.3,100,52.3
2023,7,2/12/2023,2/18/2023,6.8,0.4,100,46.2
2023,8,2/19/2023,2/25/2023,6.5,0.6,100,29.2
2023,9,2/26/2023,3/4/2023,6.8,0.3,82.4,17.3
2023,10,3/5/2023,3/11/2023,6.6,0.2,100,53.4
2023,11,3/12/2023,3/18/2023,6.4,0.3,100,46.2
2023,12,3/19/2023,3/25/2023,6.4,0.2,100,84.8
2023,13,3/26/2023,4/1/2023,6.5,0.2,100,71.8
2023,14,4/2/2023,4/8/2023,6.3,0.4,100,53.8
2023,15,4/9/2023,4/15/2023,6.7,0.5,100,98.5
2023,16,4/16/2023,4/22/2023,7.2,0.3,100,72.7
2023,17,4/23/2023,4/29/2023,7.2,0.5,100,58
2023,18,4/30/2023,5/6/2023,7.9,0.3,100,57
2023,19,5/7/2023,5/13/2023,8.2,0.4,100,99.8
2023,20,5/14/2023,5/20/2023,8.5,0.5,100,94.9
2023,21,5/21/2023,5/27/2023,8.8,0.6,100,75.5
2023,22,5/28/2023,6/3/2023,10.7,0.3,100,85.4
2023,23,6/4/2023,6/10/2023,10.1,0.4,100,59
2023,24,6/11/2023,6/17/2023,11.2,0.6,100,89.3
2023,25,6/18/2023,6/24/2023,12,0.6,100,79.2
2023,26,6/25/2023,7/1/2023,15,0.5,100,45.2
2023,27,7/2/2023,7/8/2023,15.6,0.7,100,42.1
2023,28,7/9/2023,7/15/2023,17.2,0.8,100,76.5
2023,29,7/16/2023,7/22/2023,18.5,1,100,66.5
2023,30,7/23/2023,7/29/2023,19.6,0.8,100,86.9
2023,31,7/30/2023,8/5/2023,18.1,0.8,100,100
2023,32,8/6/2023,8/12/2023,17.7,0.9,100,90.9
2023,33,8/13/2023,8/19/2023,18.4,0.6,100,52.3
2023,34,8/20/2023,8/26/2023,17.8,0.3,100,82.9
2023,35,8/27/2023,9/2/2023,17.2,0.5,100,51.7
2023,36,9/3/2023,9/9/2023,16.8,0.4,100,78.3
2023,37,9/10/2023,9/16/2023,18.4,0.3,100,46.8
2023,38,9/17/2023,9/23/2023,14.5,0.3,100,95
2023,39,9/24/2023,9/30/2023,14.2,0.4,100,57.2
2023,40,10/1/2023,10/7/2023,14.6,0.4,100,72.5
2023,41,10/8/2023,10/14/2023,14.6,0.2,100,98.7
2023,42,10/15/2023,10/21/2023,14.4,0.4,100,76.8
2023,43,10/22/2023,10/28/2023,13.8,0.3,100,93.4
2023,44,10/29/2023,11/4/2023,12.7,0.2,100,46.3
2023,45,11/5/2023,11/11/2023,12.2,0.2,100,64.6
2023,46,11/12/2023,11/18/2023,10.9,0.3,100,38.4
2023,47,11/19/2023,11/25/2023,10.3,0.2,100,53.2
2023,48,11/26/2023,12/2/2023,9.4,0.4,100,74.8
2023,49,12/3/2023,12/9/2023,8.6,0.5,100,45.2
2023,50,12/10/2023,12/16/2023,8.6,0.4,100,72.8
2023,51,12/17/2023,12/23/2023,8,0.5,100,38.8
2023,52,12/24/2023,12/30/2023,7.3,0.6,100,60.1
2024,1,1/1/2024,1/7/2024,6.9,0.8,100,21.5
2024,2,1/8/2024,1/14/2024,7.1,0.3,100,78
2024,3,1/15/2024,1/21/2024,7.2,0.4,83.5,14.5
2024,4,1/22/2024,1/28/2024,5.5,0.8,100,24.9
2024,5,1/29/2024,2/4/2024,4.4,1.2,0.2,0
2024,6,2/5/2024,2/11/2024,4.9,0.7,100,41.2
2024,7,2/12/2024,2/18/2024,5.2,0.3,100,47.2
2024,8,2/19/2024,2/25/2024,4.3,0.5,100,52.9
2024,9,2/26/2024,3/3/2024,4.2,0.6,100,61.7
2024,10,3/4/2024,3/10/2024,5,1,61.4,13
2024,11,3/11/2024,3/17/2024,4.3,0.5,100,71.2
2024,12,3/18/2024,3/24/2024,4.5,0.5,100,70.1
2024,13,3/25/2024,3/31/2024,4.5,0.5,100,24
2024,14,4/1/2024,4/7/2024,4.5,0.3,100,58.8
2024,15,4/8/2024,4/14/2024,5.1,0.3,100,71.4
2024,16,4/15/2024,4/21/2024,5.9,0.2,100,73.3
2024,17,4/22/2024,4/28/2024,6.1,0.3,100,100
2024,18,4/29/2024,5/5/2024,6.4,0.4,100,81.9
2024,19,5/6/2024,5/12/2024,7,0.3,100,55.2
2024,20,5/13/2024,5/19/2024,7.4,0.4,100,48
2024,21,5/20/2024,5/26/2024,8.9,0.6,100,84.3
2024,22,5/27/2024,6/2/2024,10.1,1,100,95.6
2024,23,6/3/2024,6/9/2024,10.8,0.9,100,62
2024,24,6/10/2024,6/16/2024,12.9,1,100,85.1
2024,25,6/17/2024,6/23/2024,15,0.6,100,68.1
2024,26,6/24/2024,6/30/2024,14,0.4,100,58.1
2024,27,7/1/2024,7/7/2024,15.5,0.5,100,72.5
2024,28,7/8/2024,7/14/2024,17.6,0.9,89.5,30.3
2024,29,7/15/2024,7/21/2024,18.9,0.4,100,66.6
2024,30,7/22/2024,7/28/2024,17.5,0.6,100,54.1
2024,31,7/29/2024,8/4/2024,17.7,0.8,100,84.8
2024,32,8/5/2024,8/11/2024,18.1,0.8,100,50.5
2024,33,8/12/2024,8/18/2024,18.8,0.4,100,87.9
2024,34,8/19/2024,8/25/2024,18.6,0.7,100,85.2
2024,35,8/26/2024,9/1/2024,18,0.4,100,87.4
2024,36,9/2/2024,9/8/2024,17,0.6,100,46.4
2024,37,9/9/2024,9/15/2024,16.3,0.6,100,95.7
2024,38,9/16/2024,9/22/2024,17.2,0.6,100,41.1
2024,39,9/23/2024,9/29/2024,14.9,0.9,100,53.2
2024,40,9/30/2024,10/6/2024,16.2,0.6,100,79.9
